,ALGO,AENO,LSST,SRNA,ELLT,AMRP,OTCS,HETT,HUXZ,DUCT,SMAH,NPCK,MSDP,EORC,CUBO,HRET,ANSO,DIHO,RTTH,SPLZ,NWIG,MMBT,MDGI,AGVF,RRES,CTGI,ALUT,ACAC,SRTX,GARI,RCRI,ACIX,CCNS,MTNS,IHOZ,NAYO,FWWG,EELT,HRND,AETS,ULXY,BLBT,BENI,ITPA,HTRK,NGTE,ILVX,FCSG,FARS,MHRM,EAFC
ALGO,0.0064574563095484054,0.0027468937129130015,0.003250803419164436,0.002159685127884136,0.003617959858046563,0.008842435899000033,0.0048739918290429,0.003544174149054044,0.004439743234640477,0.003641039817793402,0.003209801430620567,0.007335199959227411,0.006236782818721098,0.002810039030016958,0.01059483235142936,0.00867051995082069,0.0030291230605927304,0.0035246764047454264,0.0031074514101217024,0.006080466148008695,0.0031207091511270303,0.003210527136711331,0.0009339037033445537,0.013473574480047098,0.00641866710937258,0.005139777482926763,0.002940584723727928,0.0019085595799789978,0.00046513728176181366,0.01180055717458961,0.00406280656931296,0.0021299480587898267,0.00497093719122398,0.005175911929398178,0.0052208294524666065,0.004718222398723263,0.005090110375260937,0.0038713664827974524,0.010265771123746222,0.007231716914304555,0.009000833781263637,0.006647431502158598,0.00013542955027592818,0.007330676506494365,0.004070590907946817,0.004222532710078428,0.006685700794576643,0.003927456063204812,0.0022250212232800227,0.008189276137824508,0.003303702108349669
AENO,0.004283165274697624,0.0014917545277071797,0.0010635302722840148,0.0027813121682800654,0.005252399691025273,0.0034962953980924114,0.006002009674054612,0.0010130654019330203,0.0051476623218164735,0.0022313375530110886,0.0006974346616906231,0.003986776685417203,0.005807156129060711,0.006546760045373197,0.0011270317763571857,0.005289344248703801,0.0036882012155935867,0.00468459480812628,0.005379180695755743,0.008538835839567691,0.005402234685487228,0.002267881221759747,0.007450829334303582,0.0010798747501996869,0.002155499323907621,0.0017456707609428308,0.0011258226149717405,0.00946064371687347,0.006354062601482219,0.0054083445025762435,0.0017971656503263014,0.004375439513243297,0.0032508684176271174,0.001553930612459321,0.003068127266910265,0.00031867229997199894,0.0025601008737925605,0.007932401269551505,0.00989766320745896,0.0024080938624980227,0.00342682867719917,0.004742695985374834,0.0037098432829876828,0.006798134414746732,0.007678176779996904,0.0024804198394828194,0.0018586102449583003,0.0029120119910498402,0.006347571767590775,0.003054596891609789,0.003779661956009303
LSST,0.0026168057697380075,0.00046934263158152946,0.0027217302420778685,0.005684657032105227,0.0020347764978455706,0.004628151810143208,0.006489608913693367,0.0003360306220218604,0.0005161590171826164,0.006644388683712265,0.0024817615083135847,0.001598966706447838,0.006508769824585684,0.0004258875840779221,0.004301456026341461,0.009896834538062834,0.004439796350837395,0.006621252586343884,0.001501044696688518,0.00228307666561795,0.001908462250327243,0.0046571003333802895,0.004533554859877255,0.004487913803088219,0.005056617143336684,0.0027684880515756816,0.0017705342251947732,0.011352007370652121,0.00482713393647281,0.003148799622031996,0.005831335215487968,0.0058107936730146005,0.0015306977899992016,0.002814577196763226,0.001197499264535622,0.003712829162895063,0.0008148567412596076,0.007037139745027395,0.0025744964929987537,0.004268442095560973,0.0030209355181627113,0.004608253477781262,0.004629827412702861,0.009234850799642109,0.0015032801881122194,0.0007890969803575613,0.0029569905339755665,0.002580852884413693,0.0012124791125590444,0.0033542178230251585,0.0006531104715237265
SRNA,0.007969998088493215,0.007460506463352595,0.005393539543174175,0.0003417828283933154,0.0044963978153581725,0.008462685668498879,0.0036752525270717295,0.00326297162493089,0.0067354005310413245,0.004111720043896476,0.003362830595832287,0.0035378740839739527,0.00463842514421556,0.0017814543386705016,0.01725500334855285,0.005447339229480319,0.0011345640485189348,0.005698922897822603,0.002724634165768755,0.01466409348868418,0.004065308559028272,0.004531984428250752,0.005567185781317138,0.0011559957216864662,0.0012240151157051436,0.004275366832669197,0.004741119066168047,0.004671655158757039,0.004420897206909044,0.01192064733773323,0.0016549414915011246,0.002432051187507292,0.0027766768415216705,0.005260748030976305,0.008860296036315286,0.000986364651104782,0.0067191880966605815,0.001569407153515008,0.006507361663501729,0.009108072251585157,0.011789657255893342,0.007011191533164488,0.0024646425715279963,0.005573995123072703,0.006973070782348163,0.001408599203801905,0.009053648844087436,0.0007277990520568565,0.006156920916514298,0.010656586003094382,0.009266719363453593
ELLT,0.0038366705354343257,0.001362496386277839,0.0028153206313017726,0.0034739045187329003,0.0016584682506687216,0.0051997916362856896,0.005621081955758035,0.006578391891243075,0.0013894311299223147,0.001938858280166586,0.0024813953593335845,0.0012250713833177945,0.0013427373285676402,0.001025605743149114,0.009469174996275434,0.006028649767630831,0.004963485974177824,0.0013576194558492507,0.00622410203365837,0.003400801614871274,0.0037427797380966306,0.0012911015508974997,0.001333382441442807,0.0018670219990151154,0.0019528344506603143,0.008146923455542104,0.005477647642687652,0.008003040959033442,0.0030853203910864366,0.015157678527432675,0.0010945506813279451,0.0006963961270993538,0.0010837605987024596,0.002340396029342502,0.011752357139359343,0.004952756695987777,0.005396703184257157,0.003947140119858587,0.007671317605309758,0.007616126657820261,0.017616217832646313,0.007573573690618927,0.005311555903656299,0.0018836937467138718,0.0044351749403036215,0.00104975684522398,0.004680884621343972,0.004141113374846642,0.0010163645530434275,0.002477382929414698,0.0020556407160093586
AMRP,0.006222851213720586,0.010210988509188947,0.0021473718083723134,0.007510694719128936,0.0014283623984812765,0.004786659391896385,0.006225366408005795,0.0032115755310962394,0.002743059064317332,0.003871737617965664,0.0033254071287344387,0.00019452583658517795,0.0035903702737022647,0.002057190714647503,0.0018299793378695143,0.0019051265823275456,0.0029604748706609924,0.008258430463891544,0.00394429148273325,0.0014840792290343708,0.002184327415416581,0.0030258026270104793,0.0057805752265469475,0.003164435666742723,0.0019048408455202594,0.002754191400418355,0.003584518510827489,0.002638665499613453,0.0007588694290838055,0.005894279061269679,0.01121244491758752,0.003703669699958896,0.0034506492947234697,0.006558952677163592,0.0006153796235023991,0.008032808447708017,0.004413091627434994,0.0019696478206864577,0.0055921321961697355,0.0053432557435018286,0.0021218303441357736,0.0024804938003114485,0.00251945061746905,0.004266655829753337,0.008210868154057329,0.00456304862577921,0.0009907587197153485,0.0019747002232947102,0.004118047967643975,0.0004966266913078617,0.002610641461472899
OTCS,0.0028742457514920917,0.0024277156165710776,0.0022301177231482897,0.0020275716933395877,0.00423051543476847,0.0008936241651909963,0.0076377587291720315,0.004087298494325559,0.0046443049288639755,0.004568959084596062,0.01291431988379206,0.0011087386413938002,0.008564152261677217,0.002592247147371711,0.0056468270577662225,0.004822486902277819,0.0005035629140757438,0.0039279229526348455,0.003320666836628419,0.0009451383538329085,0.005978314629983981,0.002479361862031423,0.0018891547443407666,0.0017610528118448873,0.002318615133446048,0.00410634463788801,0.0023419099554418624,0.004995759087377368,0.0015530189489845268,0.0014364740070546395,0.005859935314684145,0.012788574865751842,0.0029829172586628427,0.0009075883287915478,0.0012244196875616509,0.005910953275349837,0.013009052029846473,0.0010567559786082898,0.005199784927468785,0.0009411428688052975,0.0018085795797165537,0.00351978623585392,0.013459647504834513,0.007452263138534438,0.004594457056989452,0.0014712855041660242,0.0025193323100060998,0.01153574003344713,0.0025425549054403735,0.012620051299806234,0.004510423991576042
HETT,0.001195317685749707,0.0026981029312320524,0.0032165280295978725,0.0019413342513418478,0.0038112174505743426,0.0046251806440043945,0.0024894868946624604,0.0050937383316117715,0.001559459688658553,0.0014985760609808217,0.002336691109926436,0.0016935221291246166,0.0036333678864143935,0.0020832423319192047,0.0039570672791420965,0.0015108658838463712,0.002424264430080968,0.0020131264393969707,0.0012413370933549248,0.0007814911474218515,0.00038647224874719917,0.007919902571088544,0.0033723078692204957,0.006665978648034695,0.0032021569989744494,0.004804115284162686,0.0025652076690721648,0.003378280997906051,0.005026147222317049,0.0046966088098175825,0.006622612818736785,0.004377576100764319,0.001019654399661317,0.003387408131181043,0.013572811934583163,0.0019451209940293053,0.0036662701431304408,0.0020102557920283056,0.008561571200155875,0.0008946850410528765,0.0025497888843395936,0.0039006663324377185,0.0019473218793577447,0.005621204981437771,0.0020292807717347035,0.001041570358239487,0.009000165672617542,0.002686847195518047,0.005996240559053262,0.0030165898824932383,0.004432644999420597
HUXZ,0.003958377966694286,0.0023478255471406397,0.008235395320979357,0.005780958444049935,0.0028207759644862107,0.009399119925121248,0.0069726366293611265,0.0028573805058314094,0.0018033952212354256,0.0008235089725875631,0.002633871590650597,0.0006327916169191171,0.004780824021944217,0.005342588771529549,0.005872413414873736,0.007867259679546818,0.0014133606247770329,0.003084996981461181,0.00583841384954536,0.0019272635943586702,0.011740964008593625,0.0029454985536874856,0.0017012668119213642,0.0067359582346909145,0.002544967520225555,0.0028433021605288235,0.0069223281713243,0.0033040720418532252,0.002742183709283124,0.006094302305004443,0.0008648713657556824,0.0023016294891496907,0.0010195374672531373,0.0020406953560290902,0.010393203139677518,0.0028959368328760537,0.0031207789224733298,0.0013341030658660389,0.011270026632377233,0.007225692969643559,0.0017087687591138476,0.00271894448102797,0.0008401003919359992,0.0015881921529337685,0.0018040550779143709,0.00162025495442488,0.001893355363957459,0.0037801309020015633,0.0027098445309847643,0.0019493371223148568,0.0013874220809908617
DUCT,0.004977380933260501,0.009536709799278446,0.004724611777410249,0.0028627856732948796,0.005534812702883699,0.01040172209288636,0.003098435333112514,0.00015089953379835395,0.007787768395989655,0.008187750486709104,0.003941356563064144,0.0027668387936867693,0.005470643346213394,0.00379961919766832,0.006693319269921564,0.006895363728726626,0.004368570294142429,0.0013573454272693781,0.00214815085795185,0.003128426917101095,0.003153559442990778,0.0028035513759036897,0.00714533842409424,0.011996022984101578,0.00115779141116556,0.0039411678726530945,0.007216146619025764,0.006466649437414022,0.0006932285416248142,0.015462156132316662,0.007964618700192216,0.0012480930648016697,0.0014308112133795273,0.008578842065787923,0.007187323383535301,0.003059561738446792,0.008743760691652142,0.0026002753290403965,0.01352526855375933,0.003460932994410953,0.003039584927190759,0.006504313618882599,0.0031683225598921677,0.007101846822511976,0.0051904411765389055,0.004268556396908182,0.004122822003165929,0.0026977888634573378,0.0006344314474192401,0.019014398851676727,0.004703656275361429
SMAH,0.002508204032167267,0.0020188521472943102,0.006054032004976867,0.002830586925695966,0.006699104297588479,0.003567106467316894,0.0019803526972297777,0.004615584851748931,0.004323750351424772,0.003581183220144774,0.0014103871842663573,0.0010471057657941447,0.0014294462542304744,0.003400440847006786,0.008820101581394048,0.008372450350956044,0.005830090189308305,0.011812445326945198,0.0011106990799674928,0.006698860130689453,0.0023141818349849165,0.0029320869487755932,0.004706688789229718,0.0029166413719456004,0.002918366420319992,0.0024419226930750375,0.0019443548520777787,0.003906989788728282,0.001006700254153236,0.0030390521152868603,0.0002242642606519003,0.010431201595487553,0.0011798102035697853,0.008135964468304824,0.004079684504870515,0.00349134755909347,0.0026599190879108125,0.003837716256379101,0.0030342824736310225,0.005228499193642953,0.009213281945329183,0.005226267950422461,0.005409696101802176,0.003695578235212993,0.002937462740729024,0.0020934438337706805,0.006054934895075435,0.002601252377002008,0.003274254467911802,0.008854425730614558,0.004730849399205175
NPCK,0.004064397131232796,0.0028207486761513004,0.0014451487178680847,0.0038877408116561986,0.0010103380148184394,0.008318040907468486,0.0021072045970986636,0.005229917939082918,0.0051564590164155065,0.003067379563652116,0.002624824269280247,0.004073012357516731,0.003329090163123694,0.00102320665504382,0.00288030755319647,0.00463691701768956,0.004124028353990915,0.0008890603218691384,0.0038023316692462877,0.003038691170369435,0.003399713340575026,0.0008814650219752741,0.0020404148688365903,0.0022981945750022506,0.0015239508501803372,0.0033881853891654283,0.007779690024851477,0.002698371736320127,0.002403857517613432,0.006986648809459112,0.0034917331571436856,0.0054004917628446975,0.00402553988025765,0.009774582756889083,0.002172401341880495,0.013636331690930795,0.0007070544532933407,0.004352478258236486,0.008730923291367966,0.0037359357686707877,0.0017501054847317305,0.006594922460176029,0.003756093192841428,0.0033847514574304543,0.00520633547751092,0.010727700985330404,0.006333279229362871,0.002363941366416532,0.004367259090560852,0.002403568942337471,0.0038587428678828126
MSDP,0.0012983271881649755,0.0011493525057681895,0.002991876978009053,0.002668733896070894,0.001504415471418356,0.005027158378269949,0.010730809133645984,0.00877427654228967,0.00699755592512284,0.004053195215448785,0.0030885253020071675,0.002722813319067271,0.00035629193033275886,0.001358035776619311,0.010290605765632777,0.005236238295933596,0.00609844837215464,0.005683071749453683,0.0004884710594162053,0.0016422690744012556,0.0031238299437004527,0.006754615198862175,0.003509637879943194,0.0031517530367044556,0.0005719579467599616,0.0016880684627120172,0.0014052656987665099,0.003260440212694138,0.0043126026535158166,0.0015365234035741877,0.007953959119593533,0.0012165566825325116,0.0023361846512511587,0.0023449652140002694,0.004062528916488485,0.0009831641641631379,0.003574276709454623,0.003123752733345101,0.0038500424560635495,0.0030091993331104183,0.005619493273606757,0.0043720522468641545,0.0010716076922161486,0.007863319879490405,0.0029478476417073123,0.002139276560724721,0.010534621759591654,0.0021396257155103134,0.0025241042803547387,0.006240170129744451,0.002302279550002429
EORC,0.0016239343763383048,0.006536411632429857,0.002207787152851517,0.00257309817079812,0.0006674481668377625,0.004924152959125343,0.004274490599703598,0.0018255143604133184,0.0036984069411918046,0.0026363787725093043,0.0063184514498597945,0.0012410467712595929,0.0009063418376858146,0.005621150234895086,0.002478942122393607,0.003102619780330885,0.003943951904600548,0.00783368823959767,0.00407168508995198,0.0013656387509436625,0.002634447087531848,0.010610646703013746,0.0019965493092176513,0.006932169626478895,0.0035101831695885186,0.001197347873340483,0.0027092390352341927,0.0009632136751207534,0.0038273926607906225,0.007106905827549675,0.0062331470641553335,0.003967069991579384,0.007155137162418411,0.002185095160001909,0.0013653879541241885,0.0025715314609577322,0.001705144463987656,0.005580830110193485,0.004596221702644669,0.00017703168983010647,0.007937995581647888,0.007112125772671279,0.0009538677595658136,0.005661604663782897,0.0021086877435476225,0.005480009751891864,0.0030230012524862897,0.0024751062226088796,0.006844140226717588,0.0035591892874004168,0.0007591557418534841
CUBO,0.005534467631966383,0.008770906778347631,0.0067836550252858546,0.00022694590617249912,0.006708858318584332,0.008679454695851473,0.012135937804745325,0.0026321218477184105,0.007264528342976187,0.0014361984382835011,0.0035656726393690965,0.0025937003240649632,0.0029467779333801347,0.005578845223352157,0.0027629100695260858,0.010053536946210542,0.001310958147983654,0.0017787122917696518,0.0036762378877266922,0.007208835910211778,0.0017779760169364962,0.004836896583969866,0.004586047398824356,0.0007480851129437055,0.0012976361430348609,0.004493520767375332,0.0006776939390058323,0.00247284154310175,0.002567600169997769,0.005854764557635093,0.004624627821109402,0.002690890305753391,0.005560368013345953,0.01094737561551705,0.005649129675045779,0.0018528528722388648,0.005178579355228162,0.004114079230359936,0.005745755702208911,0.010515590920784315,0.003215941051272507,0.0007220546975876267,0.005153874372911093,0.0023855542440239085,0.003939706394334552,0.002118197440244828,0.01603660795293072,0.0026942100425474715,0.0006706300004702148,0.013233761541970843,0.007089309026356395
HRET,0.002111189276751165,0.007446680118799281,0.003495540970142789,0.00037218721347971,0.005627170724511785,0.01288436189515492,0.003078262102251844,0.0002996377564580341,0.0030548324465943626,0.006552605720597208,0.0015968846120399756,0.0007385967489848284,0.0024823020937117355,0.0013027791956183058,0.007612523403156584,0.004542146021716445,0.0026808618286186265,0.0018025608619645162,0.0007976544114577126,0.0036992252368760626,0.003790623602641669,0.0015610383566858604,0.0038934959012581483,0.004907426000262298,0.0022352026166340064,0.0036306118308753934,0.003896124536777855,0.0014881360765428234,0.009257172293793067,0.011901178712101262,0.004276747528263521,0.002195871340781157,0.002084388930845511,0.004823505580672569,0.0025874129234855093,0.0006211176107532937,0.007636935772965182,0.0028953236553719746,0.0065553577852572225,0.003140500223616508,0.007151483054077211,0.0023350219242705443,0.004367824146419843,0.0067298581048950545,0.004099905134962185,0.0002190746530595692,0.0016671773072065039,0.009452938195551921,0.003480971863116437,0.0008885854675432215,0.00344377254156278
ANSO,0.0032576251363482626,0.0011353475250421817,0.002631011824803818,0.0018455806694504702,0.0033650475845573378,0.009029994607056953,0.0012907479858740509,0.0012216415127425818,0.0009082116459331632,0.013084573556340226,0.009043622821237282,0.0007031488628026373,0.00292587324721103,0.000834654192010475,0.0034381700631301755,0.0020672228282116152,0.0039862031414796655,0.01303412228424736,0.010616825032776191,0.016126474698029643,0.011169114363409166,0.010129437626151972,0.0028616710875260312,0.0023285732383298893,0.00013372875041064557,0.0012042832386135538,0.0020298663120485623,0.008490287701490696,0.002398825862400664,0.01839458285080965,0.006531482108275147,0.004940011250309722,0.003425629251312003,0.007147007385790074,0.007342609564324254,0.0035704307617637817,0.001498818859817801,0.006035380812409126,0.010247106776433836,0.0014117554289076809,0.0019230292451815631,0.014681134180278759,0.0036210171638857225,0.004034724189895873,0.002351316157564708,0.001441423669308068,0.0019792410657747984,0.0008068773513165949,0.0034315504967293263,0.01046657969407272,0.002702193781832306
DIHO,0.00851565678857724,0.005052956008566926,0.00961910011740719,0.006067711653063223,0.00018352725620588177,0.003950845133100275,0.0007588640679940181,0.004193236607274203,0.005395301893602565,0.0046012942993402806,0.0028196941456279864,0.0026860830829076943,0.003272855710566236,0.0010400672089142023,0.00298947078417516,0.004225472288187156,0.012485697699659997,0.0030095796519974214,0.0002528814033264052,0.009838119261986751,0.003086023991962776,0.003568709784575027,0.0015600389648728783,0.010019121056256004,0.007619805554545205,0.004314471541773798,0.0013437971758118606,0.005559337948029967,0.0024768300621796956,0.0038173352907700867,0.005820092940567366,0.001702267988403297,0.0011542376487808995,0.004222537291561581,0.0021902846641089005,0.014176843937526797,0.0019329563033423352,0.0011073325741144209,0.008838419516904315,0.001978737545861973,0.007156728077813888,0.0024321601777865243,0.004464702809378976,0.00017487463251296973,0.004219236174796328,0.003564684963236992,0.0038338837511897646,0.005052046512261894,0.004073545429115704,0.0025926321486036616,0.005415493990958481
RTTH,0.00125528012615335,0.004702484645841982,0.005897958786303281,0.0036716564585000644,0.0021950034393614032,0.007554190882502084,0.003907272603215224,0.001463294841652761,0.00751513920513238,0.0053889113211433755,0.001905263599585266,0.006841930112465637,0.0038917981503637754,0.005588599413800348,0.008272059802569943,0.0035745910418317085,0.002172858760384028,0.006549698421139833,0.0016351561031711925,0.0022722752450405215,0.009112139911900487,0.0033321981367028432,0.0003880457013877613,0.004427142550698586,0.0008027501513381734,0.003694681613043923,0.007607335869709887,0.0008451117356985428,0.008667597976267403,0.0027437036574587507,0.0022150495423526482,0.0019257783559321496,0.002374329380046676,0.0024084464486545058,0.0016409593694356808,0.0032198137583982524,0.003748103323808257,0.004548018128781521,0.005298935123885511,0.0032104496415260586,0.006154195198757092,0.0012255856187737288,0.005841457587475554,0.014981178030035305,0.002447837895629846,0.0035070144301523887,0.002003437653349866,0.0006972866273141981,0.0038568752498152267,0.0059234413854676,0.008097477384939666
SPLZ,0.00252751550585809,0.005461672468162041,0.003313820586625679,0.004715932675186114,0.00011005072771533243,0.01031711378496802,0.013160217678553146,0.001812083906791732,0.0032249037302388844,0.0014262493301967019,0.00433060090023854,0.004922162552281363,0.0024168383200613847,0.002257241051441995,0.012032042677411488,0.008015891598209583,0.0003000908239977336,0.002357939186399375,0.006373645909325551,0.0044228608382800225,0.0015479616947115344,0.004062471110199227,0.005601479668137436,0.0015864377174492376,0.008142842927846755,0.004839739415726983,0.0009291213689899954,0.004247908930795416,0.0016363416404259947,0.005276459238132858,0.0016701340552395545,0.0044721011930239,0.0039032216919238256,0.003974676326612657,0.004255442189749941,0.0028569417437618455,0.004431050714503273,0.0011158221060369134,0.008700437180907707,0.003497983475658141,0.005856583034394032,0.0016050054100789852,0.0014099092948956626,0.0008610945178177113,0.0022124325856200597,0.0009690648013093465,0.003504991032081928,0.003700800476159005,0.0031988510751649636,0.015970884585625997,0.0025179528074447486
NWIG,0.0024688297330197305,0.013647475804890577,0.006279866913044101,0.00225245871691861,0.006006480123471063,0.0031953983163933147,0.0014513862741225882,0.001974099204553473,0.0004798031811214967,0.003647761394573403,0.009382268786650778,0.0004849668191986864,0.0023831578135520568,0.004594226043631889,0.008274171114842134,0.0035735997521079027,0.0008694761947115326,0.0027279057258886687,0.002766578779224361,0.005306167970623081,0.001044470816407705,0.0029627297607450424,0.0031496623851442864,0.0024203301748715825,0.003590856672374118,0.0027876970434169025,0.007126780994411606,0.004137107504761456,0.006251713314491151,0.00263611934854837,0.0031741672627654998,0.002674891808735255,0.001703953798353238,0.0025267021057199784,0.003940374528669196,0.007541339783032459,0.005354408873069306,0.006488880089262149,0.00717059660690909,0.0023864000359103445,0.0010354987156493151,0.0021211184400559743,0.0007337252325677564,0.0008199135373457359,0.0021597515481000555,0.002309875727590253,0.0016702821632150512,0.0030619709255089653,0.002021773273849616,0.0022951006612765643,0.0005916629839836066
MMBT,0.0015351023291014726,0.0026763315613148562,0.0024683155789557622,0.007458113304885609,0.004418777583460832,0.006469860746387971,0.0013361971749330176,0.0015370466892145399,0.001723534586870426,0.0024180823512647553,0.0008264364082621626,0.006308262165892118,0.010864284022345672,0.002527378280154952,0.012147220113271663,0.013361627472487071,0.002597063765896107,0.005098037643429542,0.0035497605446621443,0.00440743852420096,0.002588803874821028,0.0014627327441835932,0.00477252905570768,0.0014969166670626283,0.0004555836962410846,0.006537234066531351,0.00041653184925722004,0.008365123577668353,0.0061800450079232405,0.0015792155558009922,0.0084454183353115,0.0017884514270071396,0.0019673236197857206,0.015722812435589706,0.0015908678322890234,0.0076404523443109745,0.009553012606831859,0.0014810120526331152,0.009130332667499158,0.0031998033250721647,0.007676260313572178,0.00117483214410616,0.01696400296743223,0.0028794714634294387,0.002179461831084044,0.002798119910073284,0.006005979878072646,0.007100882584886701,0.00075142519876248,0.004548398690948531,0.004699577240146871
MDGI,0.007281607906524327,0.0026569096483093496,0.0010299175775063557,0.000956247004310518,8.314576879972393e-05,0.008796391001523296,0.002020211110556774,0.0013529008577995646,0.0014007135137995292,0.003960348615473369,0.001317370145510686,0.002547772777424861,0.003576702811576224,0.005454246035157286,0.008224045687628677,0.0033637485768104815,0.012004761844668227,0.010016553851839114,0.0019983036112648823,0.0007992467385897835,0.0010848134045276557,0.0041750276329519335,0.00400892673378782,0.001960197830489084,0.004940659820538979,0.001645304821741145,0.003637035930913069,0.004999075611169475,0.008127899336730679,0.010141507227951176,0.001235969993427873,0.003916734451207701,0.0014579546968991539,0.008281452401300151,0.0023598292583118284,0.0012774870874302366,0.004929079643062938,0.008215079852262393,0.0010922983613601354,0.002006282213342726,0.01056867909361101,0.003601982277106155,0.004302429046725331,0.004371513122840929,0.0016912411624395943,0.005255290488477338,0.003205213417195915,0.000701550879725398,0.0033927285362397416,0.0029902938869500566,0.005355282872896666
AGVF,0.0016755766496959362,0.00861206221795121,0.002281153096204005,0.010323257010085362,0.0009291779215655832,0.002491307182072529,0.0034988473987015573,0.002152510759222811,0.0023006431158922626,0.01143342537283678,0.001491535910247846,0.003045874828969064,0.0028142868667505915,0.012958888826134201,0.01767673552879384,0.005626445590354873,0.008550404475880145,0.008344235223673835,0.001294072455801148,0.001742867170731612,0.005687600891991192,0.006621618143741281,0.003421395618014743,0.0011739829843039197,0.0046816253232405255,0.000982216589034481,0.00590724586866785,0.0013358352141482769,0.0003821499019761903,0.00333331461778932,0.003124711141114644,0.0011373292996275479,0.006077033670281975,0.003344464820829532,0.007415754854450566,0.0035823599174367,0.013988677030338684,0.00513757369424822,0.0028505900082802828,0.0029128741847932525,0.006075123716069093,0.0027369427108848727,0.00256169814872554,0.002924251046864168,0.007352287965017128,0.008572753648213676,0.0030062950862162086,0.0007823653018184194,0.002253220574354883,0.0014004780078222799,0.005228257818999771
RRES,0.001504901383431595,0.009729600266316946,0.000927857492004228,0.016385262108601324,0.001643909027778289,0.0013862598423099327,0.0034284930333908737,0.0024932762141286237,0.0046688522431590634,0.001590337180790614,0.0021193934263573065,0.005164635226209659,0.007270085771263335,0.009191507653493516,0.004564745906465344,0.007609654948852643,0.006493995448086442,0.0030912829252762175,0.015652723908739365,0.001164370414471013,0.0009838554230948357,0.0029791934593975215,0.003585938386206588,0.00023255666194917806,0.0011560706223804366,0.005159509157764109,0.00022176963586982568,0.0051594515659982125,0.0072096622816296505,0.0006217598095045081,0.010630348406614303,0.0014296365461235264,0.007487325790994922,0.003567549313343129,0.0011402715898177454,0.0026372982525773745,0.0023135570384121024,0.0006318645367736058,0.002322689358058667,0.00216424315967643,0.008961490586687939,0.0004097292501896873,0.0052937730317024236,7.399553273386592e-05,0.004437455354145942,0.0028259047874783826,0.007017663398230067,0.0015716271997187592,0.00867138754988182,0.0010510539360617903,0.002042023083766503
CTGI,0.0012771152326097844,0.015520805177108719,0.0034073632390086202,0.005179617808070858,0.006325043820064455,0.004278287976593834,0.002390658101862732,0.010368197481220552,0.0035665309330721335,0.0011166608943330714,0.005830441924098916,0.0009436008428073579,0.00011159004858892342,0.00752875311945931,0.0019532243290097066,0.004817907937767183,0.0011290781601973245,0.0038254490821507565,0.004159978384831509,0.0004931745507181517,0.0026920253852314655,0.004976496169420608,0.006668648809800254,0.004782166931038999,0.00016207683898726878,0.0025647635980130014,0.0058769239317428106,0.003341889917213149,0.0028446911986578782,0.0019359375140454776,0.0008169366142402124,0.0020284779303176865,0.0008434783962233475,0.0010176269735913566,0.005828455935732764,0.0010693468334550277,0.001380517674901177,0.002655179041095822,0.0024367596817158844,0.006473674564804485,0.016590715021187474,0.002976104256325723,0.0024315897748049585,0.002968948151054849,0.0039192587368175645,0.015782915122330723,0.0029879218490152185,0.000810521367770372,0.001060072482184397,0.0024238182167181516,0.004209656547861014
ALUT,0.002745319341296515,0.00602728405429899,0.005911355924102685,0.0019377871759745568,0.003211479381245913,0.004311109591123668,0.006696033633285029,0.00604673945046149,0.005127346862629972,0.0074494221383154605,0.0030681760531000636,0.0036960159740336103,0.004493057714762172,0.011477395684709304,0.010635225264021692,0.0027046301274549003,0.0022989351046740474,0.01113987369949495,0.0006958444049060507,0.000922717422580023,0.004754199616317031,0.0021108791725717403,0.009988856053050315,0.00150954227936507,0.0016725627443056178,0.0017394107905552613,0.0032250680480616738,0.0032968305046097487,0.004534310564427474,0.0043069464829446555,0.005073106719400176,0.005113746887313277,0.003565463584635383,0.0036870798474889915,0.008569288845613483,0.007029545112702429,0.001461374861956285,0.0012818690622368864,0.0053418126552797,0.0036787869214093324,0.00607082641052609,0.0036273945329570387,0.005693582337780592,0.00842375307783992,0.010969009775369793,0.007596611098727453,0.0011437719562426875,0.006411475610912144,0.006240956532332277,0.005416865284373025,0.0017117610779760484
ACAC,0.0016775622871269512,0.010007501581317182,0.0021435721612992785,0.002213280503082909,0.007969749153264531,0.0022120955316198374,0.011579687748797602,0.001025637667222426,0.006455271850863831,0.0039132287723140395,0.0042575139428849456,0.003072980704570719,0.0052452675629579976,0.0012043773094274155,0.0037559209721895713,0.009660464300641219,0.00090798211148437,0.004989310495517657,0.0022650938280482044,0.0018119789753930134,0.0008532949565939621,0.0073575478408486016,0.006137636281028123,0.006134118408808734,0.00863479378959385,0.008808739312713264,0.0013836844110976828,0.0011223803984543351,0.00416969123248275,0.004205627436107202,0.001700044033467409,0.002339000498556969,0.0034247289998842884,0.0026515054099284703,0.006506492779082262,0.0029919185138999253,0.005812473638879172,0.007429823390718956,0.0021602462110406964,0.007208986731536412,0.005828204499404632,0.004963641215618809,0.007876269782745141,0.006799322612221888,0.0026416805651105213,0.0034559501345428935,0.0028961608433677784,0.0025533033659848802,0.0026212021221162837,0.00517409162292678,0.0010079877780100753
SRTX,0.003552004820132267,0.006856864149805559,0.006630138132937325,0.003506324761988108,0.008617278776769039,0.005667632457249782,0.0022104203173871698,0.0008681111294930105,0.003802383016267034,0.007355412619977098,0.0007692769071399536,0.004161841289523106,0.0038488995423589176,0.0025626016322138744,0.003915995304504358,0.007972796266863518,0.0024235988803634704,0.0034772713014280194,0.012129368911274679,0.005076119071222462,0.0012117779162864623,0.003986660943969312,0.0013181539049162277,0.005582350227504036,0.004288121533037691,0.0007555647179264581,0.0019060045227694642,0.00483467202325296,0.0023681271799762217,0.007939570271482819,0.008219466371287813,0.0017183150058036143,0.001665540451871693,0.006735314060143143,0.002272360925927636,0.003288110545772386,0.0028879793957691012,0.003698023452968059,0.007402887099652894,0.0018799812061227467,0.00519674460015083,0.0026590426734819416,0.005276815719475225,0.0034542178434694495,0.004697415682890459,0.0010456376251147953,0.0076292925790211845,0.002676720295194711,0.003190429218656329,0.002424168512891064,0.003030694145305356
GARI,0.0006099674186532166,0.0007434581356602445,0.0008069877101997315,0.0049748439247824724,0.002939998267674711,0.0017015305594170285,0.007414329392151857,0.005483540578509995,0.00176839857469086,0.0006109308144640196,0.0025874074959258064,0.0008748581092494758,0.00301025654737955,0.002285898891894589,0.004437425374756436,0.0018826785870460034,0.0021690539096681323,0.004292514621631445,0.0042424453460336055,0.001474360387909707,0.0028881850203778796,0.010748998281085068,0.0021664845434229453,0.002747124560428558,0.001267644152032255,0.006383766499805202,0.0004196762306938606,0.002395322007503255,0.0037619465105041866,0.0022438641217030555,0.0032485660405711927,0.0005894328729282566,0.0016211881103193222,0.0024563499000962545,0.016439000398568198,0.007710200424284278,0.0016097639539933472,0.004977699835759936,0.0032224989945514107,0.002359354933978529,0.007706109648606532,0.004455060821793068,0.002248205377736033,0.0053610486327528364,0.0031895495110466562,0.001268435993965907,0.0011274164676325074,0.003453577117812294,0.003028244847222554,0.00199006685855972,0.0010616526939745022
RCRI,0.003154388060670081,0.008879875107882311,0.0034011972092837864,0.0009365190045488745,0.0024525650674093215,0.0063016360612685625,0.007058127348620911,0.002423381064873168,0.002270347222858734,0.0012837324531435428,0.0027783606175290987,0.0009797570367662588,0.0044814151262983215,0.0058768505353597265,0.008832601533410585,0.00035721866767344027,0.005085760259552254,0.003515543797927975,0.004408327563590364,0.0009106661238708375,0.01099010971764397,0.0021823632561321898,0.0041104597257253525,0.002367505120700282,0.003023310913805,0.0009272645091554571,0.003648113067619191,0.0029417287443765806,0.01019653013150609,0.007872312366388138,0.007969983841685058,0.004601311855804711,0.0009471164521529987,0.006670747178821611,0.0017519268899741098,0.00021629289635030679,0.0042584948717818245,0.0025102634395286413,0.0050172226902113655,0.0012171934689681418,0.007750193268259332,0.004387532146177538,0.0035152393575122384,0.004021758136398081,0.003753379518373387,0.0015433956462690083,0.0064838951638740185,0.0024556593493103903,0.014024545335993586,0.004351669591180979,0.0026687413335599684
ACIX,0.002072177496711722,0.0020038220533165237,0.0017787981880201943,0.0026612048971537874,0.0017810899295351,0.002526597756275147,0.007208388393502472,0.005797816306233765,0.00035685152774912136,0.0008966813446260064,0.0013801899810235198,0.0006803269600081183,0.0006227005454734749,0.0023842355495223852,0.014165461022495662,0.004203872166861956,0.002739415090954437,0.0017137317310167675,0.0047903259011480275,0.0038459946506435878,0.0013404073811721286,0.0026824627520716897,0.00413631104564958,0.0035181601169530117,0.00374898584120909,0.005402539110913356,0.003939908223900336,0.002802268572228919,0.004783381558046544,0.0049501758004890754,0.009131694813816725,0.006115422400231776,0.009042485013129464,0.0020863794511806373,0.0034333189947487394,0.0013926773892257252,0.003367406038958711,0.007945291979276762,0.0005664934864852882,0.0008073920532234531,0.0029876202502219455,0.004875031648670959,0.0011050839138266651,0.00675466228378883,0.004101816480704762,0.004155153482829061,0.004824472154671855,0.00623688891482254,0.0001833263186793849,0.004076493715338903,0.0012272442214832633
CCNS,0.002407528433172749,0.0038081781668825344,0.0037781229353291944,0.004472560433801501,0.0016172846018673026,0.00483763348952496,0.0030486058556070065,0.0005292724320667991,0.003139181140518154,0.0023249543479520714,0.004803626042247957,0.0008913690070055094,0.004301173169565532,0.0031433680618837556,0.01073768619592173,0.011724879948441087,0.0004925140617077625,0.0009991971714319002,0.006842237568366714,0.0022863878495475226,0.006959564662369115,0.004934782110192316,0.005978436971285358,0.0027589955336512107,0.004336017585916244,0.003347678401287326,0.0010021491603619845,0.0029876557494923125,0.009643538047428221,0.007856188675332755,0.0006563570936898087,0.0031604023707754135,0.0036305955844666664,0.0006848686961604556,0.002572440837479289,0.006198504614737321,0.002561881484927267,0.00219076672796141,0.0014794285520875715,0.0010996958907629048,0.004688279128583893,0.002587023062672021,0.001507862722467914,0.004734834207456537,0.0023349351820034277,0.008042943836231968,0.0022675920383089816,0.0006592891107377293,0.002717661248169922,0.0016940527860932041,0.00927941886296071
MTNS,0.006230775094059952,0.005909638859966997,0.005526940522400492,0.004405174866440344,0.004574897124339585,0.01038609012225715,0.0025461684679085822,0.001076970316221339,0.007555486006991515,0.003737204270867338,0.005916785179536272,0.006399868029142134,0.002608936980227128,0.0024893540461421813,0.009142243973554943,0.006198762699210009,0.0035107586925095437,0.008868331930161424,0.0030776468515622242,0.004359905682880795,0.00629143522222772,0.0074653336891600565,0.002274532100871675,0.004470545291663856,0.004409993117694919,0.005736167610706619,0.005291774812621497,0.002554689657998984,0.0013587437290582373,0.00999329752816832,0.0043889225534651626,0.00402449848588813,0.0021360864745753913,0.003476281578430153,0.004140957574382849,0.005407084689898145,0.0011554779302005262,0.004142312524065493,0.0035510512999770774,0.0036847784962819475,0.0011886625126568545,0.00543839747150642,0.006261441483337012,0.0014788240638787427,0.008327715592278254,0.004175376749695623,0.01209200360272833,0.007616495704335896,0.004748581752987913,0.010883104634400814,0.004147224935255121
IHOZ,0.006590730981815153,0.001466707066876509,0.0032089514423362395,0.0030394039497805246,0.002544064732435727,0.00329249587067465,0.008203240193801357,0.005254169847778167,0.0033685376938044206,0.00173157288858917,0.0012134949000840427,0.005656941503131106,0.0025982115551549476,0.007110620689474764,0.0022065180477259614,0.00440121439265757,0.004080825070906697,0.010700899298322235,0.0033924621399454946,0.008632512917733358,0.00430696773238764,0.006471613467510552,0.004385438471193912,0.0048871315814672245,0.005312835744308785,0.006786939763024296,0.010371089893629767,0.0061213876385457985,0.007522262720536911,0.0066805507181762515,0.0071610161805429565,0.0010662343307692157,0.0004430001720914843,0.000570872293380154,0.007017422261569957,0.0020914082999133965,0.0033503714689677964,0.000954832563219459,0.007598394431332228,0.003094673697624381,0.003468788287573011,0.004883191016628756,0.003081972065124625,0.0015262101003361683,0.003856550417259386,0.0013569169592755818,0.0019765945132867585,0.004985652378411759,0.0011888207893798585,0.004654618692403889,0.003992975048638003
NAYO,0.0004265964918454563,0.0006134205600258629,0.004279494248530193,0.0023780230672811545,0.007935628946775996,0.0019517718372312528,0.0039766673228097665,0.0007837415448478675,0.001050135883388073,0.004681949245878407,0.0015485049081698041,0.0018596526615186598,0.0037923198353935136,0.0068579925533727056,0.0018767052800436664,0.0026004607265561544,0.003493541702692067,0.003867508039680872,0.0006193774747360508,0.002925585142848783,0.0032320836971041766,0.006912939470961525,0.0035582263847457954,0.0012783424015950992,0.0011045215755927183,0.002983314950302041,0.006790655494137059,0.0012620278663647323,0.0029771344479749516,0.0006481640414245085,0.004182548698498921,0.005470414395539868,6.433440602771263e-05,0.005822202091027656,0.005340192512580335,0.006007902232136592,0.0033954525521425276,0.008601354115837307,0.004559706659008124,0.005995521884319427,0.00675930605518588,0.007146969107133805,0.002475870086057,0.0011827308683930982,0.009530001075312402,0.0021132294573535416,0.0016733072122819305,0.0003964525380214098,0.0003178815351756884,0.0017027557184020117,0.007903678688500216
FWWG,0.0029974282717814393,0.0005468320793326636,0.0040485929175408004,0.0038558343519341943,0.004476480795723509,0.006845332482580638,0.0031339833276857617,0.00016266069707947684,0.0029207872774120493,0.005724038685515149,0.0031207152134071353,0.0019262839373842475,0.006272063658823709,0.0011706493623860354,0.009489932399226943,0.001002298574749174,0.001220287382312224,0.014298539689035307,0.005719321218408537,0.005079884292842663,0.0009822007029536475,0.0010470550233787734,0.005994759622780305,0.0027442006104782535,0.01614403116519278,0.009450913328098791,0.001594568035285569,0.0018735317895144672,0.00013974587185493757,0.001251902817623626,0.0043196522162080135,0.005389242197537489,0.0059971886916387485,0.004072720520342054,0.007424005118513064,0.006534509634304046,0.003939492782225126,0.0016690501841021867,0.005568769232261258,0.0037374775284408947,0.014186758091855396,0.004594978413691475,0.0029330107468725983,0.002114572125661152,0.0053025834572877585,0.0020077186626789945,0.0038464304619461737,0.0045936101401675205,0.0030724958963381805,0.0039762053623427105,0.00902093178657385
EELT,0.002157734361151233,0.0029227883403334758,0.0032069105593993605,0.0051389538374682735,0.00385273398444598,0.0015700670429790575,0.0032295989178682287,0.004330288598277842,0.006262491510334837,0.005449664956946133,0.004946602208241184,0.0023653454363526845,0.0025598240416611928,0.0023069368256180486,0.005811265032432945,0.0062858894615431034,0.0042233947318284695,0.0027640726620031548,0.0030872265926246804,0.000702069514750599,0.006770659223021065,0.009143431145460863,0.007555019584300271,0.0011930041374492543,0.010042420905447392,0.0003728630021145277,0.003766714516509692,0.0010086201803480212,0.004136530385640918,0.0017928140047028477,0.0031636008151169678,0.0017036331121527814,0.0011188932098726958,0.0030837615328856392,0.0017062245033734554,3.842040246104274e-05,0.0006799649951815014,0.005414951744356203,0.006611040879045436,0.004118367114526247,0.008186399690045853,0.0044337264868418574,0.0028841839567545127,0.00500046921832353,0.0012722604182907578,0.005846567951892558,0.005780134421348188,0.0064378121147841225,0.002009024372321741,0.00155825790764582,0.0034780949790920285
HRND,0.0008578172520183214,0.011750210422568994,0.003450115297944732,0.003950086336387618,0.006262732661087135,0.010700556460616458,0.0013760339974272237,0.008455591299435891,0.0007057846024453645,0.007963061722039153,0.002456696190573154,0.0037888834208387057,0.003685584084981889,0.0008207912125502512,0.001891483694475127,0.0077769518608819446,0.002110853701713356,0.009683147515993641,0.00670702714684376,0.002133590929340975,0.0023533620773249185,0.0022961545798380334,0.0008074964660761881,0.006445354836402955,0.002249130328519307,0.004853431001014992,0.003648506746774048,0.001282350872512824,0.0006428886901493507,0.004979215809516195,0.0013770787432673508,0.0009638802673221977,0.0005704523611976958,0.013410488671980907,0.0029920295685732946,0.0005230494653835325,0.0016164002874872688,0.005378135493778694,0.0015753367227465242,0.0022770609622183523,0.0028161473355209285,0.0005935452490030038,0.004957545374259922,0.002733890255790965,0.003389132199705596,0.0009814762182881534,0.004447608872238235,0.004167667504662105,0.0017917159104105128,0.006384948267823794,0.003970752071568138
AETS,0.002641757349019865,0.0012285641500040625,0.00476187413709649,0.004609312423375919,0.001693650771855181,0.007296901132096016,0.0005038204300041602,0.0073835796798271845,0.001321725264696105,0.011637032271578453,0.0015400689829239793,0.00312736437097939,0.0035973432771370193,0.0027758235854061283,0.013162328733254236,0.003083244433091211,0.0004738093327981743,0.005472688981319612,0.004862176284005714,0.0011484962331554205,0.0025591453268974003,0.002939764837714737,0.0027386017205769386,0.0009824646375815693,0.005653797408054793,0.004186955050311702,0.006269815649682489,0.004141832771026979,0.0051622790484826125,0.0013807839029172314,0.0022037109199878595,0.0017598517055962722,0.0038858013816977493,0.0032901019295992363,0.003597587784116516,0.0055744544731413884,0.004570001181991707,0.005088671729441281,0.001029636844298164,0.0012978863285642867,0.0006656080100301059,0.0015748681608572838,0.0004029029564595315,0.0020676024835614808,0.0034904524041881706,0.00254547880987808,0.00027153638500696225,0.0009149920277894165,0.002563186838425052,0.004194941942190562,0.002201446683250666
ULXY,0.005476290478323999,0.0021989532482608633,0.01542439841630149,0.002628496470386023,0.0113668536420692,0.0011639864505523997,0.006640060783595115,0.013584493774930435,0.0013060953916499457,0.0028531966878037225,0.006371440932709532,0.006873128594460676,0.00940389919331659,0.006461612573617308,0.0020256872891878976,0.003794784463848103,0.004442518504611147,0.002318569038146967,0.0030682351959648684,0.005672373043488843,0.0020183634841689307,0.008099618253053468,0.001579531275006962,0.001814795224368174,0.005420956120352563,0.00594844669595488,0.004690614589204287,0.002267642243296314,0.0008847663139533932,0.02200002665134082,0.0032370419508429074,0.005772982267470529,0.0010253335514591455,0.0014615525068872037,0.004376501852997684,0.002492588961897288,0.0017964339750566483,0.0049922758556904465,0.0073982587126990365,0.0047995201811099186,0.0014529644634227873,0.0021672393610854476,0.0031939355221047225,0.00879127752415789,0.004809069927563492,0.004429018747853876,0.004370874593705283,0.0037969133964482725,0.006411578122555783,0.008888415365653584,0.004415757330570345
BLBT,0.002944203752567976,0.0029481931497752772,0.0032434554245470287,0.0013030723926771778,0.00917179399182097,0.0014224499632828997,0.003595874362193035,0.0014292274170392204,0.0036654094562122786,0.0016151530962795549,0.001883433676419119,0.004896237300893499,0.00177130946078485,0.00035767029330509206,0.004487986295701386,0.011170745139691046,0.00264627912895294,0.001973629938103897,0.003944252597904438,0.0028117676175269633,0.004190326513699858,0.0029869060938657824,0.005171140758218257,0.006275041621336363,0.002273384093164143,0.004094310135030192,0.0031299610702310264,0.0019740754355795087,0.0011950960276334247,0.0015491611547936276,0.002907950681393899,0.0035092556887574185,0.005878218129255185,0.0031647258630286487,0.005622083506526376,0.004842829784871314,0.006232922754663758,0.004395870254723525,0.006660792128514011,0.00025880289891922967,0.007978974161390087,0.0015156380602149846,0.008107559494903702,0.0013359901641269599,0.003725751001105433,0.002954039986591741,0.003352466770791703,0.0012746296065027593,0.007509616837813806,0.006810478643692214,0.0018332845034517015
BENI,0.0019949607213493505,0.0031040691309534465,0.004276482874763987,0.0019114062949541974,0.007937705454687631,0.006691920386405741,0.004289838847352007,0.0018298953764173866,0.001915003606852518,0.00722715238175317,0.003029821345177889,0.0006605174154110218,0.004620818873529012,0.0017225611508586546,0.0017626594831731159,0.0012895298954905179,0.0034999942004697317,0.01200132963983606,0.004933262548474917,0.006075290754378421,0.0029346232582460052,0.005132223965403563,0.009537200440599167,0.0073009390900132705,0.0008430188621037964,0.0048087615480286745,0.002300874396372648,0.004796457706607455,0.006307186348213919,0.017709880230429367,0.0060356993297147575,0.002278888579052802,0.0007459100970078035,0.002715963603943696,0.0013405144006437292,0.002106001633712244,0.0033689450686787,0.0013306371066056694,0.008068099859067993,0.0055044547923754775,0.006537872044852466,0.011411951583019345,0.0060573836691207895,0.003505286203812066,0.005734936833014407,0.00403417887345844,0.009489947452417807,0.004471979504609761,0.002433295760301021,0.009190684085116703,0.00976612390598975
ITPA,0.0013772162825835734,0.002916220582786559,0.005359777687536333,0.0014046931946480497,0.004714026071938979,0.004331806381141812,0.0052187022383366165,0.00348044986716586,0.001965706929124239,0.0006235494606881628,0.0011564010133335552,0.004511412994196332,0.008128165779021134,0.0015341414030525871,0.008648870694870536,0.014258863722295335,0.00793180779509038,0.0012333705449157264,0.005879164242134258,0.006041896967017551,0.0031583101677245084,0.0015501039931854511,0.0009551536211650723,0.0048472499568891075,0.00543157824152915,0.0043693397536720135,0.002409943779086117,0.0036187154880951253,0.009523657865116997,0.0037541517893551063,0.0002664629316489835,0.0031179015130196578,0.0023169515144633003,0.0025193437052393134,0.00617830069372995,0.005147580669251815,0.0026350517225553066,0.003996148675693652,0.005135049678201147,0.002127227251841882,0.006785409212313905,0.002387707037472441,0.00466379672774038,0.005179203751718072,0.0015931344670156488,0.007154429095335773,0.0023363315714746537,0.004616546333162548,0.0015053563273309915,0.0057956662550079155,0.0013711663547837597
HTRK,0.005028563717230273,0.0042448694296507855,0.003294296413781008,0.0012576644133126405,0.0034281903816302164,0.0033345298247795044,0.00838225072108566,0.003755972585776735,0.0023010268087953426,0.003938087817303579,0.0003804468349513741,0.0020046110753911784,0.0013003415831246631,0.002557538502909896,0.0036899898741568175,0.006600792911690067,0.0024682217152389645,0.013604537520899566,0.005372167411324326,0.005640905231144461,0.0020080386707239427,0.0032891924975216626,0.003501274748811241,0.003768241731381832,0.003192295295758738,0.00015579670647683643,0.0062107673008472844,0.002500940341155177,0.0008808448760508347,0.010366793798622561,0.001006619083073661,0.008459437745930895,0.000707189365396774,0.0028296011749690785,0.018443347781549563,0.00152287395908596,0.0014937247973381635,0.003251404840875551,0.003983466841842381,0.0014258493169134138,0.0022933874472969773,0.004839924132764569,0.0039046526393038614,0.0035845378547717625,0.007066754363635727,0.0012522098147161734,0.005717062722417803,0.009707513895836621,0.004882860389900996,0.004953357676974319,0.0028960384793906323
NGTE,0.00495791166717811,0.006011555666065578,0.003027623872246775,0.0012532587397643636,0.006014537285732206,0.0012840222284125308,0.002730312272611975,0.0013272950324004999,0.0035598139817712704,0.010587864449333559,0.0039127430480773474,0.000782004557061173,0.005449128994967174,0.000726039135486055,0.002888102640013801,0.005416922897044044,0.004514073896194105,0.007533854407497723,0.004357595523666304,0.006057105028106144,0.0018522148902652205,0.0033721970266204493,0.005682508276548414,0.00787371558598189,0.004932611585988234,0.011320514229359428,0.004789613948072799,0.0033711486192865223,0.0029535652350397325,0.009022787480006442,0.0037545219478257695,0.0028390079622827753,0.0025405182326681576,0.0024487427602832654,0.006246452861578941,0.007798855701383939,0.0019026779128778581,0.003785044171984475,0.008750428390116902,0.0032702974551660235,0.0011203275899716314,0.001276974977566327,0.005218848985338184,0.0063939159171009395,0.006042333348790528,0.005828292052154417,0.008118047783075625,0.005783661906964825,0.0008353811826973447,0.010121920886194482,0.000641095223656166
ILVX,0.0025257616462096427,0.0008808905002138465,0.003942325938693725,0.001310982991647551,0.0014164125150808197,0.0013441190094288227,0.0025713542400445802,0.0034764790703588917,0.0032026990580170944,0.0011632753778377828,0.0008278389809415129,0.0008092707664800695,0.006758446096518785,0.0030147639738882194,0.00965535345615116,0.0038182195582789702,0.00022702255379299747,0.00295913302100587,0.002596900451165496,0.006006121849894554,0.0013888670815953253,0.0029725280802648957,0.0009209998512154129,0.004871207612710568,0.006726090648559346,0.00458648451930313,0.002112252194336324,0.0018320540158516243,0.0007841529467026388,0.008282329041456777,0.0034536401020498547,0.0032560192402887756,0.0031096095065581758,0.0018258845654940715,0.0061930742457100806,0.0024806459133343978,0.0032733836058908127,0.0024267464315575055,0.008826668786303771,0.004456962271209353,0.001638730667286183,0.0023038172346719213,0.0012196345873955357,0.006053718374730193,0.004046906146980292,0.0020735615994904944,0.004646661935279784,0.0011812643792375663,0.007974175531376233,0.006716777551444465,0.002744276087540673
FCSG,0.0013878791085631214,0.004019694264971202,0.0022829307513098484,0.009429324731337292,0.007108710905062984,0.0038280200086854947,0.005978225234161284,0.0038427899618428815,0.004951689275760521,0.0018154380031356956,0.0020753813302985535,0.0033479202779415624,0.005388320085462824,0.0018940683108809456,0.0005755855265152142,0.0011430661618269406,0.0024576656373434622,0.0019363269618060714,0.0064878064483105576,0.000992355756388339,0.00821945475151354,0.0014877868051842514,0.0037350952022438856,0.006470676263812539,0.0022360486256248115,0.0046420716542507215,0.0054538358959292065,0.0037222131763115455,0.0005867348165741139,0.0029648138328268354,0.005456146856609039,0.0069866915246708655,0.006109902554068148,0.008689782916497895,0.0018120689396599406,0.006984733256574404,0.003945920412667796,0.001481745834665522,0.01023547525867155,0.00291125623178343,0.015882166305254852,0.0019407383690086665,0.0035960032849120284,0.013225346725706544,0.0066969442671644275,0.002215843480587551,0.0034011513092750386,0.007229263767653683,0.005679856700181372,0.003488382646635776,0.011486252672911201
FARS,0.0028110440346791523,0.005832764646851856,0.0021101184899400324,0.00040149774703447254,0.003370936205847299,0.005736203707423327,0.007416236163266823,0.001924838500915036,0.0024586373570322085,0.0011832768960738163,0.007074956421562575,0.006902422808930811,0.002612308949846015,0.00451825351428367,0.015806402674792896,0.0039443176908808535,0.005147611283439959,0.0005544772349491676,0.001315579386711908,0.00136439054481928,0.002595578742423067,0.007983391926360963,0.0021193077511869,0.001992487266627661,0.0014382563098181318,0.004221902151336589,0.0019242745449575829,0.004047600513204557,0.004625094460440857,0.013213479579966513,0.005946664945138357,0.003397159965544793,0.00911240386372518,0.009272118647006512,0.005592151855751691,0.0028467616828838334,0.0014728752856004675,0.0028902199277279408,0.00502407194213934,0.0065233840866912324,0.007169182491966186,0.003429619203609933,0.006746085604711047,0.0005628068208069076,0.004120407400767533,0.002551058992300418,0.003751024731464162,0.0009260063712295862,0.006666880843127486,0.006256024944935126,0.0011544432608557942
MHRM,0.011423873948902687,0.008328004827005187,0.0034908732009182094,0.006308849881962866,0.0015961096365082065,0.00582808203259126,0.005373719913201742,0.006033586798627497,0.00032117470071308524,0.007523971176882714,0.005354857727354466,0.0008080009936964449,0.0070490865798333475,0.00644809270785334,0.009696077423080866,0.0034885896840223963,0.001995037929791806,0.0027419804214365174,0.00417630243226795,0.013815490188279047,0.0011973536999112004,0.0058677961421229954,0.003997593817479885,0.006028718207001783,0.003014069740212056,0.012949444444871833,0.0010911349110621117,0.008130596534275537,0.004229590383208994,0.0020303786787826076,0.002801288103826069,0.003235546255509013,0.00018842486052854444,0.008636079744926636,0.001499706138814535,0.0019998805146911446,0.0031711244563520265,0.0030214627683945693,0.002378734876112249,0.011932899542316298,0.0010327154309870482,0.0023753581339852007,0.008733255849882403,0.004695361263744462,0.010637190117015888,0.007246199283007672,0.003318058664867658,0.0033928667229684044,0.0009652544202910819,0.0007125804479897538,0.009925786995271257
EAFC,0.007951512593818932,0.008778483595897689,0.006816825677733444,0.011485200485522287,0.004627040022311632,0.006451976415555196,0.0025994274366525055,0.002545699747497975,0.016274702884186372,0.0063338583538338,0.0026933745888622906,0.00232228892924647,0.0038898484447359803,0.0006739785366453721,0.00234696651770687,0.008017397692750597,0.002681647064834569,0.0014096498418973424,0.00413274476195721,0.002337310123258069,0.006174825496978181,0.004222473670640166,0.0033809773457856244,0.0007792519807048853,0.004949097880017052,0.0021738589136664436,0.004735937615148492,0.004337335232849248,0.0042643787004145485,0.008697344536669276,0.009851682125053706,0.003655656636010498,0.002170226520213398,0.006266354867881716,0.007948460851781476,0.0035473744040594272,0.003513810588391175,0.0032879484073721475,0.0036418763909023873,0.004029062800676261,0.003449839014241233,0.003343176553822387,0.004957529411941046,0.007601174152173222,0.003302228399760465,0.0007513444268575234,0.006083929014070798,0.0012728578490411573,0.0035978981382635998,0.004823728135334254,0.007181739274960491
