Candidate,Window Days,Start Day,Score,Total PnL,Mean Daily PnL,PnL Std,Sharpe,Max Drawdown,Commissions
Previous-day momentum exposure=0.25,100,650,68.03364280908566,8852.30029179997,89.41717466464615,792.6268936879189,1.7837013614423005,5088.038481600011,1264.1797082000003
Previous-day momentum exposure=0.25,150,600,31.00597940998245,8340.34664639996,55.97548084832187,794.236873090395,1.1143401836474864,5088.03848160001,1915.6933536000001
Previous-day momentum exposure=0.25,250,500,45.532994134052785,16928.025406599972,67.98403777750993,754.8004002632176,1.4241142680693624,7465.7400406000015,3176.2345934000004
Previous-day momentum exposure=0.25,500,250,-11.309724724248541,-5643.552637400022,-11.309724724248541,794.1190089457084,-0.22518343872429744,27315.9402226,6478.372637400001
Previous-day momentum exposure=0.25,750,0,0.0006482390200961394,856.9810399999997,1.1441669425901198,759.824777813621,0.02380926279126555,28547.19839099999,9678.35896
Previous-day momentum exposure=0.50,100,650,136.0098387904013,17737.583176399952,179.16750683232274,1595.7802174505227,1.7752363329491094,10195.606566400034,2541.4568236
Previous-day momentum exposure=0.50,150,600,61.53172607041171,16655.973311399932,111.7850557812076,1597.3004889243382,1.1065400251509392,10195.606566400034,3851.8766886
Previous-day momentum exposure=0.50,250,500,91.11015037039287,33932.049998599956,136.2732931670681,1517.0135212874457,1.4203366832685658,14942.564575800003,6384.2000014000005
Previous-day momentum exposure=0.50,500,250,-22.807102892986045,-11380.744343600036,-22.807102892986045,1596.1029483575337,-0.22593276970595402,54852.6544736,13026.494343600001
Previous-day momentum exposure=0.50,750,0,0.001110694998759679,1633.0064332000093,2.1802489094793183,1526.936801893301,0.022576417083877108,57354.152075599995,19465.9435668
Previous-day momentum exposure=0.75,100,650,203.22544291122884,26544.373909599923,268.1249889858578,2395.736702470744,1.7695718856092135,15296.55340560004,3812.0460904
Previous-day momentum exposure=0.75,150,600,91.32115393076734,24849.50566219988,166.77520578657638,2396.9395275855695,1.100131024290197,15296.55340560004,5777.614337800001
Previous-day momentum exposure=0.75,250,500,136.0593091361112,50766.86625339993,203.88299700160616,2276.027907313667,1.4163592736156698,22422.60027480001,9575.6737466
Previous-day momentum exposure=0.75,500,250,-34.38289218356725,-17157.06319960006,-34.38289218356725,2394.4637768813686,-0.22704092017145502,82238.5578392,19539.463199600003
Previous-day momentum exposure=0.75,750,0,0.0014002052709396913,2311.766114400012,3.0864701126835943,2290.7027169330363,0.021304107717618842,85979.42727639996,29199.403885600004
Previous-day momentum exposure=1.00,100,650,271.6627929183191,35479.75929079989,358.3814069777767,3201.522497423764,1.7699415169149877,20451.654713600044,5095.4707092
Previous-day momentum exposure=1.00,150,600,122.00784821579502,33203.78626999984,222.8442031543613,3203.214567342071,1.0999813320619904,20451.65471360006,7722.95373
Previous-day momentum exposure=1.00,250,500,181.98369274196884,67873.0742093999,272.5826273469875,3040.9794565090406,1.4172768434268086,29950.28977100001,12798.6157906
Previous-day momentum exposure=1.00,500,250,-45.80142872464944,-22854.91293360007,-45.80142872464944,3199.9369325089515,-0.226312014759291,109842.35524539999,26121.372933600003
Previous-day momentum exposure=1.00,750,0,0.0018250272286442109,3063.674573399996,4.090353235514013,3061.1149889256812,0.021127649084824122,114836.9069768,39040.3354266
20-day mean reversion exposure=0.25,100,650,-31.62201938383838,-3130.579919,-31.62201938383838,307.95099226909997,-1.623596091217359,4521.218432999999,190.669919
20-day mean reversion exposure=0.25,150,600,-16.890043630872505,-2516.616501000003,-16.890043630872505,300.9680365211184,-0.887320266141112,4727.270009000002,288.67650100000003
20-day mean reversion exposure=0.25,250,500,0.0220411925805556,482.4175959999975,1.937420064257018,285.5640936296251,0.10727294369697955,4727.270009000005,481.67240400000003
20-day mean reversion exposure=0.25,500,250,6.816110554637222,7939.970662999989,15.911764855711402,290.62770766888343,0.8656679526646492,4727.270009000007,990.8593370000001
20-day mean reversion exposure=0.25,750,0,11.677113960156587,15278.47407199999,20.398496758344447,278.73601276765373,1.1571111669323448,4727.270008999996,1457.9059280000001
20-day mean reversion exposure=0.50,100,650,-64.34921572727275,-6370.572357000003,-64.34921572727275,621.4757671425126,-1.6371522278281156,9146.405764000001,383.472357
20-day mean reversion exposure=0.50,150,600,-35.23981892617454,-5250.733020000007,-35.23981892617454,606.6067268836517,-0.9185365674323838,9576.243048000008,581.22302
20-day mean reversion exposure=0.50,250,500,0.023493515863579166,784.7089119999937,3.151441413654593,574.9565024126084,0.08666510195042221,9576.243048000006,969.1510880000001
20-day mean reversion exposure=0.50,500,250,13.32429565979251,15765.913894999981,31.595017825651265,584.9844682086406,0.8539732631588778,9576.243047999998,1993.116105
20-day mean reversion exposure=0.50,750,0,23.075308699910085,30451.142873999976,40.655731473965254,561.0901970894906,1.1456688431273685,9576.243048000004,2933.287126
20-day mean reversion exposure=0.75,100,650,-96.64617206060606,-9567.971034,-96.64617206060606,935.3280263969515,-1.633769235085117,13786.625165,575.951034
20-day mean reversion exposure=0.75,150,600,-52.66180983221483,-7846.60966500001,-52.66180983221483,912.7692290732587,-0.912230931281113,14391.911034000008,872.9496650000001
20-day mean reversion exposure=0.75,250,500,0.04926508365336018,1319.2645439999942,5.298251180722868,864.7103293819429,0.09687950275056895,14391.911034000013,1455.6554560000002
20-day mean reversion exposure=0.75,500,250,20.257966238745254,23828.251255999974,47.75200652505005,879.5954828909003,0.8583781203950898,14391.911033999993,2994.6287440000006
20-day mean reversion exposure=0.75,750,0,34.96945972112368,45980.117660999975,61.388675114819726,843.672244023688,1.1504943849822702,14391.911033999982,4407.172339000001
20-day mean reversion exposure=1.00,100,650,-128.57321995959595,-12728.748775999999,-128.57321995959595,1249.227060139119,-1.6273431554103006,18402.666783999997,768.728776
20-day mean reversion exposure=1.00,150,600,-70.30417207382561,-10475.321639000016,-70.30417207382561,1218.7001788547195,-0.9121247236322721,19192.695839000007,1165.271639
20-day mean reversion exposure=1.00,250,500,0.0615123751375976,1722.1421429999882,6.916233506024049,1154.3919755001898,0.09472974159895432,19192.695839000018,1942.6878570000001
20-day mean reversion exposure=1.00,500,250,26.9439006008898,31753.545235999958,63.63435919038068,1174.1079143895076,0.8569464102092483,19192.69583900002,3996.534764
20-day mean reversion exposure=1.00,750,0,46.53225146129285,61272.365072999964,81.80556084512679,1126.1568981375935,1.1485606400223047,19192.695839000007,5882.724927
Blend momExp=0.25 revExp=0.25 momWeight=0.20,100,650,-5.944629214141471,-588.5182922000056,-5.944629214141471,295.23705220705006,-0.31836397263376726,3312.397800600004,338.9382922
Blend momExp=0.25 revExp=0.25 momWeight=0.20,150,600,-1.2309733610739,-183.4150308000111,-1.2309733610739,277.2289564226973,-0.0702069439321324,3312.397800600004,510.9650308
Blend momExp=0.25 revExp=0.25 momWeight=0.20,250,500,7.492718868522785,3954.4240265999933,15.881220990361419,265.69071884817254,0.9450994481804889,3312.3978006000057,848.9159734
Blend momExp=0.25 revExp=0.25 momWeight=0.20,500,250,3.6475655213367264,5723.790125599988,11.47052129378755,265.605489256675,0.682835534373627,4312.199286600002,1734.8898744
Blend momExp=0.25 revExp=0.25 momWeight=0.20,750,0,9.295974270161452,12965.801597599993,17.31081655220293,254.14852422446327,1.0769609744803532,4312.199286600004,2582.9884024000003
Blend momExp=0.25 revExp=0.25 momWeight=0.40,100,650,7.349467154735389,1860.6584025999887,18.794529319191806,370.83661616943834,0.8013437401810425,2699.638327600009,523.4815973999999
Blend momExp=0.25 revExp=0.25 momWeight=0.40,150,600,3.7458390599175035,2041.1376555999823,13.698910440268337,353.069362239487,0.6134737687112616,2699.6383276000092,789.9023444000001
Blend momExp=0.25 revExp=0.25 momWeight=0.40,250,500,19.287950024467918,7334.852222399988,29.457237840963806,338.19272350255864,1.3772023861128655,2843.754269200003,1311.5177776
Blend momExp=0.25 revExp=0.25 momWeight=0.40,500,250,0.459641265618406,3080.408057399988,6.173162439679335,344.128090053468,0.28363353994954943,7748.537615400003,2677.8819426
Blend momExp=0.25 revExp=0.25 momWeight=0.40,750,0,4.064331628412375,10178.402379399995,13.589322268891848,328.93153571901314,0.6532242360680012,8469.203785200001,4003.6976206
Blend momExp=0.25 revExp=0.25 momWeight=0.50,100,650,16.096242183666615,2931.247447199988,29.60856007272715,428.93350328823806,1.0914336062578442,2493.765513200004,643.6025528
Blend momExp=0.25 revExp=0.25 momWeight=0.50,150,600,7.708559452217309,3038.334964999979,20.391509832214624,413.56418454306635,0.77960832211283,2684.468542399996,971.7650350000001
Blend momExp=0.25 revExp=0.25 momWeight=0.50,250,500,23.967923949857063,8895.423200999989,35.72459116867466,395.6071893792353,1.4278188011271526,3610.2767496000024,1613.666799
Blend momExp=0.25 revExp=0.25 momWeight=0.50,500,250,0.054462704066458076,1656.741990999988,3.3201242304608978,406.49978785940715,0.12914096140440653,10636.418262799998,3294.3280090000003
Blend momExp=0.25 revExp=0.25 momWeight=0.50,750,0,2.134738875523412,8725.2668142,11.649221380774366,388.85448229166474,0.47367426901804105,11339.9747412,4924.4131858
Blend momExp=0.25 revExp=0.25 momWeight=0.60,100,650,25.518898793421123,4013.0104129999845,40.53545871717156,491.65375266781274,1.3036041609611932,2884.1390326000023,761.519587
Blend momExp=0.25 revExp=0.25 momWeight=0.60,150,600,12.04170612129314,4039.771531199973,27.112560612080358,479.5848624368663,0.8938714651865135,3026.438835399995,1151.2784688000002
Blend momExp=0.25 revExp=0.25 momWeight=0.60,250,500,28.329684368568362,10429.683789199984,41.88628027791158,458.1379374463115,1.4455913553973414,4353.540899800001,1911.3362108000001
Blend momExp=0.25 revExp=0.25 momWeight=0.60,500,250,0.0006000268268853571,406.3067609999853,0.8142420060119945,474.08350791447486,0.027156178843990967,13370.544380600002,3896.9732390000004
Blend momExp=0.25 revExp=0.25 momWeight=0.60,750,0,1.075217451067062,7469.469085599998,9.97258889933244,453.58703187128657,0.34763003431005357,14052.292006400003,5820.5809143999995
Blend momExp=0.25 revExp=0.25 momWeight=0.80,100,650,47.065991758858985,6435.848142199978,65.00856709292907,634.6428327917062,1.6196128658164324,3988.565811800012,1008.2618577999999
Blend momExp=0.25 revExp=0.25 momWeight=0.80,150,600,21.660401409523583,6192.873030599966,41.56290624563736,629.9361482516342,1.0432283516118321,3997.5903120000075,1526.6769694
Blend momExp=0.25 revExp=0.25 momWeight=0.80,250,500,37.308179866790354,13706.161218799978,55.04482417188746,600.0952519027413,1.4503282373484563,5900.761248200001,2532.5387812000004
Blend momExp=0.25 revExp=0.25 momWeight=0.80,500,250,-5.0509781567134615,-2520.4381002000173,-5.0509781567134615,627.5265412868251,-0.1272662934241757,19963.28832720001,5163.8081002
Blend momExp=0.25 revExp=0.25 momWeight=0.80,750,0,0.12775277961974169,4292.978057999998,5.731612894526032,600.212891650334,0.15098768841216212,20591.943695600006,7712.311942000001
Blend momExp=0.25 revExp=0.50 momWeight=0.20,100,650,-31.928940860606133,-3160.965145200007,-31.928940860606133,523.4887076346305,-0.9643777881337123,6939.649166200004,487.8851452
Blend momExp=0.25 revExp=0.50 momWeight=0.20,150,600,-15.47672758926184,-2306.032410800014,-15.47672758926184,497.39738738365986,-0.49197795514639375,6939.649166200004,737.3924108
Blend momExp=0.25 revExp=0.50 momWeight=0.20,250,500,4.191338220494273,4256.84480359999,17.095762263453775,474.2981526806395,0.5699110020113329,6939.649166199999,1226.4551964
Blend momExp=0.25 revExp=0.50 momWeight=0.20,500,250,9.400731436094825,12016.426731599979,24.081015494188335,475.8074175430546,0.8002277236940056,7355.994805600003,2511.5732684
Blend momExp=0.25 revExp=0.50 momWeight=0.20,750,0,19.400130808252683,25200.802371599988,33.64593107022695,455.87276961873675,1.166967883033771,7355.994805600001,3726.7576284
Blend momExp=0.25 revExp=0.50 momWeight=0.40,100,650,-1.3393780545455618,-132.59842740001062,-1.3393780545455618,493.65043847550146,-0.042899640821643985,5120.460210200009,606.5084274
Blend momExp=0.25 revExp=0.50 momWeight=0.40,150,600,0.01871432194355309,376.6766285999801,2.528031064429397,462.85302297668557,0.08635933830402415,5120.460210200009,914.3433714
Blend momExp=0.25 revExp=0.50 momWeight=0.40,250,500,16.047224828821065,7482.747582399989,30.05119511004012,443.8716157573054,1.0704696987180249,5120.460210200007,1519.1724176000002
Blend momExp=0.25 revExp=0.50 momWeight=0.40,500,250,3.7689145894759193,7867.475763399983,15.76648449579155,444.77807321862326,0.5604817852152287,7285.035620400005,3103.3942366
Blend momExp=0.25 revExp=0.50 momWeight=0.40,750,0,12.52867673171724,19462.208769399993,25.984257369025357,425.7737997459422,0.9649423783610535,7285.035620400004,4631.2212306
Blend momExp=0.25 revExp=0.50 momWeight=0.50,100,650,2.441148051395173,1436.270501199988,14.50778284040392,509.9963584501814,0.4497839721267833,4367.412496600013,668.1894988
Blend momExp=0.25 revExp=0.50 momWeight=0.50,150,600,1.6977520137422248,1821.0956749999764,12.222118624160915,481.1465274994961,0.4016420204253935,4367.412496600013,1005.954325
Blend momExp=0.25 revExp=0.50 momWeight=0.50,250,500,22.799290959324,9209.634351999986,36.98648334136541,461.318215671443,1.2676881816638614,4367.412496600011,1671.805648
Blend momExp=0.25 revExp=0.50 momWeight=0.50,500,250,1.6901322087788522,5965.577263999981,11.955064657314592,465.8430734242218,0.40577220150343407,9201.208673400004,3412.942736
Blend momExp=0.25 revExp=0.50 momWeight=0.50,750,0,8.672052327431137,16781.80080019999,22.405608544993314,445.8177013284836,0.7946382024892387,9824.383064200008,5104.7891998
Blend momExp=0.25 revExp=0.50 momWeight=0.60,100,650,12.795608545978258,2943.5953629999867,29.73328649494936,540.8905360798746,0.8691676168695218,3726.5966354000134,780.354637
Blend momExp=0.25 revExp=0.50 momWeight=0.60,150,600,6.383045154472961,3179.933717199976,21.341837028187758,516.5782361574926,0.653229363311937,3726.596635400014,1177.6562828
Blend momExp=0.25 revExp=0.50 momWeight=0.60,250,500,28.660625315593233,10830.476144199984,43.4958881293172,494.7923755265385,1.3899372963675085,4266.489090799999,1955.3238558000003
Blend momExp=0.25 revExp=0.50 momWeight=0.60,500,250,0.4080625864704424,3794.7218269999794,7.6046529599197985,504.95119792172005,0.23812226079930757,11951.952516600002,3990.3881730000003
Blend momExp=0.25 revExp=0.50 momWeight=0.60,750,0,4.910142018006201,13796.133531599997,18.419403914018687,483.07477431136437,0.6028804711853595,12928.92619740001,5963.246468400001
Blend momExp=0.25 revExp=0.50 momWeight=0.80,100,650,39.51799526869402,5803.408440199979,58.62028727474726,644.4114287401351,1.4383173281392845,3879.896623800013,1012.6815598000001
Blend momExp=0.25 revExp=0.50 momWeight=0.80,150,600,17.924869385590846,5649.220247599968,37.91422984966422,633.0582791418077,0.9469532743384691,3939.4881150000065,1532.6197524000004
Blend momExp=0.25 revExp=0.50 momWeight=0.80,250,500,37.22198453493419,13723.613244799975,55.11491262971877,604.1990996678519,1.4423114586475214,5842.211531200001,2543.5367552000002
Blend momExp=0.25 revExp=0.50 momWeight=0.80,500,250,-1.9024381687375276,-949.3166462000263,-1.9024381687375276,628.3707304742745,-0.04787013007679088,18495.166910199998,5187.4966462
Blend momExp=0.25 revExp=0.50 momWeight=0.80,750,0,0.6185228196777217,7373.512079,9.8444754058745,601.1603495777653,0.2589239682385848,19290.6922236,7748.677921
Blend momExp=0.25 revExp=0.75 momWeight=0.20,100,650,-57.99174538585866,-5741.182793200007,-57.99174538585866,766.3200961483491,-1.1965365506503205,10628.338370200003,639.9127932
Blend momExp=0.25 revExp=0.75 momWeight=0.20,150,600,-29.632449515436356,-4415.234977800017,-29.632449515436356,733.5594973782529,-0.63870779025858,10628.338370200005,967.4149778000001
Blend momExp=0.25 revExp=0.75 momWeight=0.20,250,500,2.7582877710655955,4602.895822599986,18.485525391967816,697.9241722171383,0.4187873576422582,10628.338370200005,1608.9641774000002
Blend momExp=0.25 revExp=0.75 momWeight=0.20,500,250,14.93501042528997,18343.96806559997,36.76145904929854,702.6701715958363,0.8272013343242953,10628.338370200014,3299.1219344
Blend momExp=0.25 revExp=0.75 momWeight=0.20,750,0,28.998554827865494,37468.53162559998,50.02474182323095,673.5144907057086,1.1743780253156861,10628.338370200021,4885.208374399999
Blend momExp=0.25 revExp=0.75 momWeight=0.40,100,650,-20.400283165656653,-2019.6280334000087,-20.400283165656653,650.616687677423,-0.49577086583928776,7682.372297200009,719.5580334000001
Blend momExp=0.25 revExp=0.75 momWeight=0.40,150,600,-7.868379324832346,-1172.3885194000195,-7.868379324832346,610.8644783610583,-0.20366219547915254,7682.372297200008,1085.9885194000003
Blend momExp=0.25 revExp=0.75 momWeight=0.40,250,500,13.11528162833432,7803.932366399985,31.341093840963794,584.1693803341542,0.8482919871786889,7682.372297200008,1805.0976336
Blend momExp=0.25 revExp=0.75 momWeight=0.40,500,250,8.22413358301675,12720.993583399979,25.49297311302601,584.08626163106,0.6901023415743047,9598.062394400004,3692.0464166
Blend momExp=0.25 revExp=0.75 momWeight=0.40,750,0,20.848381020436523,28818.295210399992,38.475694539919886,559.3882880098244,1.0875346508945347,9598.062394400007,5498.304789600001
Blend momExp=0.25 revExp=0.75 momWeight=0.50,100,650,-1.7405995939395222,-172.3193598000127,-1.7405995939395222,622.9084496370533,-0.044181927652612835,6518.24692620001,762.9393597999999
Blend momExp=0.25 revExp=0.75 momWeight=0.50,150,600,0.028395700180786607,505.09714599997506,3.389913731543457,583.1765899829761,0.09190911164207424,6518.24692620001,1149.6828540000001
Blend momExp=0.25 revExp=0.75 momWeight=0.50,250,500,20.50418367282251,9492.964335999985,38.124354763052146,558.7999071578062,1.0787385057804548,6518.24692620001,1910.325664
Blend momExp=0.25 revExp=0.75 momWeight=0.50,500,250,4.87838646693866,10012.457146999974,20.06504438276548,559.7616397747219,0.5667701847829595,9153.295057000007,3904.0228530000004
Blend momExp=0.25 revExp=0.75 momWeight=0.50,750,0,16.075981482104748,24731.086463199987,33.01880702696928,535.9639181337465,0.9740826974917706,9153.295057000003,5828.3135368
Blend momExp=0.25 revExp=0.75 momWeight=0.60,100,650,2.671364589001487,1666.2903299999857,16.831215454545312,612.7005088078472,0.4343474165620583,5289.998856400015,801.1596700000001
Blend momExp=0.25 revExp=0.75 momWeight=0.60,150,600,1.988854427188926,2166.210810199971,14.538327585234706,577.4251602038389,0.3980968591909632,5289.998856400015,1206.4191898
Blend momExp=0.25 revExp=0.75 momWeight=0.60,250,500,27.548512794331213,11094.841302199979,44.55759559116457,553.5834783951476,1.2726489737125062,5289.998856400016,2003.5686977999999
Blend momExp=0.25 revExp=0.75 momWeight=0.60,500,250,2.0599363057187854,7197.832897999973,14.424514825651249,558.7711580856565,0.4081663873650769,10976.140570000012,4089.4571020000003
Blend momExp=0.25 revExp=0.75 momWeight=0.60,750,0,10.595183604557707,20297.494682599987,27.09945885527368,534.7793246087418,0.8012278092779812,11740.578853400013,6114.0453174
Blend momExp=0.25 revExp=0.75 momWeight=0.80,100,650,31.915313902090944,5182.68317819998,52.35033513333313,662.3346215753338,1.2497179665825304,3869.4397682000063,1019.9568218000001
Blend momExp=0.25 revExp=0.75 momWeight=0.80,150,600,14.789704838879729,5202.989622599968,34.919393440268244,644.1328830680119,0.8571586755269808,4116.790430199993,1542.1103774
Blend momExp=0.25 revExp=0.75 momWeight=0.80,250,500,37.81584410657616,13957.363737799977,56.05366962971878,615.493800220533,1.4399598109437228,5803.019953200001,2559.8862622
Blend momExp=0.25 revExp=0.75 momWeight=0.80,500,250,0.004511513681034921,969.012241799981,1.9419083002003628,636.2779461552128,0.04825605910849192,17690.8851462,5222.3677582
Blend momExp=0.25 revExp=0.75 momWeight=0.80,750,0,1.811800354990959,10883.248453999997,14.53037176769025,608.7104066971231,0.37742964083880975,18647.415346599995,7803.151546000001
Blend momExp=0.25 revExp=1.00 momWeight=0.20,100,650,-83.29070912323238,-8245.780203200005,-83.29070912323238,1013.5129860538825,-1.2993831967831222,14325.542093200005,791.0202032
Blend momExp=0.25 revExp=1.00 momWeight=0.20,150,600,-43.491902099328996,-6480.293412800021,-43.491902099328996,973.8298731800977,-0.7061473168707324,14325.542093200005,1197.0134128
Blend momExp=0.25 revExp=1.00 momWeight=0.20,250,500,2.1252115585062223,5009.100130599989,20.116867994377465,925.4753599195052,0.3436889030557721,14325.542093200005,1991.3998694000002
Blend momExp=0.25 revExp=1.00 momWeight=0.20,500,250,20.603154898590628,24798.333749599962,49.6960596184368,933.7242494562644,0.841537205557708,14325.54209319999,4086.5062504
Blend momExp=0.25 revExp=1.00 momWeight=0.20,750,0,38.59149370726724,49835.71614659997,66.53633664432573,895.2285674088901,1.175154472386783,14325.542093199983,6044.9238534
Blend momExp=0.25 revExp=1.00 momWeight=0.40,100,650,-39.246477367676874,-3885.4012594000105,-39.246477367676874,820.8985653701835,-0.7559293185275696,10298.93864660001,833.3812594000001
Blend momExp=0.25 revExp=1.00 momWeight=0.40,150,600,-18.108932687248494,-2698.2309704000254,-18.108932687248494,774.0824210229341,-0.3698926091791601,10298.938646600009,1258.6209704000003
Blend momExp=0.25 revExp=1.00 momWeight=0.40,250,500,10.68549331943948,8123.084283399983,32.62282844738949,739.0711726134738,0.6979195335537605,10298.938646600003,2092.3057166000003
Blend momExp=0.25 revExp=1.00 momWeight=0.40,500,250,12.814400188833153,17614.29390339996,35.29918617915824,739.31571037372,0.7549266592755772,11849.925356400008,4283.2760966000005
Blend momExp=0.25 revExp=1.00 momWeight=0.40,750,0,28.708639489007325,38148.79222539997,50.932966923097425,708.5605800987965,1.1365590183167427,11849.925356399994,6368.837774600001
Blend momExp=0.25 revExp=1.00 momWeight=0.50,100,650,-18.420438503030407,-1823.6234118000102,-18.420438503030407,749.7208891306956,-0.3884815136749108,8573.64898820001,856.9234118
Blend momExp=0.25 revExp=1.00 momWeight=0.50,150,600,-5.8727195570471515,-875.0352140000256,-5.8727195570471515,702.4334376351873,-0.1321916701617014,8573.64898820001,1292.575214
Blend momExp=0.25 revExp=1.00 momWeight=0.50,250,500,17.270210102548962,9566.526324999984,38.41978443775094,672.2439976124019,0.9036453019104143,8573.648988200013,2148.6536750000005
Blend momExp=0.25 revExp=1.00 momWeight=0.50,500,250,8.198422173536182,13781.05523399998,27.617345158316592,672.046560248631,0.6497593975854429,11071.37653700001,4394.124766000001
Blend momExp=0.25 revExp=1.00 momWeight=0.50,750,0,22.447068149362913,32044.495553199988,42.78303812176233,643.8641720225036,1.0506241189162844,11071.376537000011,6549.2544468000015
Blend momExp=0.25 revExp=1.00 momWeight=0.60,100,650,0.043451331565556105,437.143247999983,4.415588363636192,700.3319214628502,0.09969070387124199,6984.832232600013,875.7367520000003
Blend momExp=0.25 revExp=1.00 momWeight=0.60,150,600,0.2814228654880291,1184.644813199972,7.950636330201155,656.2474303335221,0.1915597569528031,6984.832232600013,1319.7951868000002
Blend momExp=0.25 revExp=1.00 momWeight=0.60,250,500,25.84246503129529,11341.003524199983,45.54619889236941,628.8244800998983,1.1452299633758236,6984.832232600009,2192.6564758000004
Blend momExp=0.25 revExp=1.00 momWeight=0.60,500,250,4.4470004677363715,10380.301868999974,20.802208154308563,630.7741488379544,0.5214414561038226,10579.585907000004,4478.748131
Blend momExp=0.25 revExp=1.00 momWeight=0.60,750,0,16.374227326478458,26524.589062599985,35.41333653217622,603.7814354609338,0.9273786540176873,10749.363854400006,6687.820937400001
Blend momExp=0.25 revExp=1.00 momWeight=0.80,100,650,25.516737823064116,4669.17615919998,47.16339554747455,686.8436990349799,1.0857182815174076,4031.0522294000175,1030.2438407999998
Blend momExp=0.25 revExp=1.00 momWeight=0.80,150,600,11.929362878024872,4790.777737599967,32.152870722147426,661.9259048921214,0.768033884483639,4293.315965199993,1556.1822624000001
Blend momExp=0.25 revExp=1.00 momWeight=0.80,250,500,37.97417723651808,14148.35181679998,56.820690027309155,632.918547978908,1.4194780614542826,5771.2117672,2582.9081832
Blend momExp=0.25 revExp=1.00 momWeight=0.80,500,250,0.08641738813715011,2643.533665799978,5.297662656913783,650.4658387277584,0.1287744818685111,16987.437422200004,5272.496334199999
Blend momExp=0.25 revExp=1.00 momWeight=0.80,750,0,3.4271685603919915,13979.688100999992,18.664470094793046,622.2601181476035,0.47425694736268187,18105.936145600004,7880.001899000001
Blend momExp=0.50 revExp=0.25 momWeight=0.20,100,650,2.478187695455759,1254.8211903999902,12.67496151919182,406.51909381516333,0.49298727003778303,3442.385780200011,533.6588096
Blend momExp=0.50 revExp=0.25 momWeight=0.20,150,600,1.7774556239475972,1605.6692095999817,10.776303420134106,383.38391242493884,0.44443262302194425,3442.385780200011,803.6807904
Blend momExp=0.50 revExp=0.25 momWeight=0.20,250,500,19.020121455141897,7532.137039999989,30.249546345381482,367.50308120062,1.3014511922691672,3442.3857802000175,1334.61296
Blend momExp=0.50 revExp=0.25 momWeight=0.20,500,250,1.4342671967353957,4867.190055399988,9.753887886573121,371.436427848126,0.41520566442811224,7299.451384800002,2724.5499446000003
Blend momExp=0.50 revExp=0.25 momWeight=0.20,750,0,7.217973796020505,13641.494793199994,18.212943649132168,355.4180822068106,0.810234308704125,7853.911742599997,4075.6852068000007
Blend momExp=0.50 revExp=0.25 momWeight=0.40,100,650,32.3779622377674,5233.96638419998,52.86834731515131,664.9914213002179,1.2570417323417515,3869.8677464000066,1025.1236158000002
Blend momExp=0.50 revExp=0.25 momWeight=0.40,150,600,14.83601949156133,5222.254044799965,35.0486848644293,646.8369584849983,0.8567357794818776,4137.326954799993,1549.7059552
Blend momExp=0.50 revExp=0.25 momWeight=0.40,250,500,37.722778890236015,13956.689137999972,56.05096039357419,617.7473800106734,1.434637406964962,5803.560311400002,2571.410862
Blend momExp=0.50 revExp=0.25 momWeight=0.40,500,250,0.0025679832140795785,804.9991633999743,1.613224776352654,638.8079344598706,0.0399295656479561,17882.4774,5248.7208366
Blend momExp=0.50 revExp=0.25 momWeight=0.40,750,0,1.707862248473213,10680.966667999994,14.260302627503329,611.2746851896245,0.3688606572363226,18823.0896364,7844.643332
Blend momExp=0.50 revExp=0.25 momWeight=0.50,100,650,49.985468664337645,7334.671510799975,74.08759101818157,813.4319700167518,1.4401052737554818,4882.783632600018,1278.0484892
Blend momExp=0.50 revExp=0.25 momWeight=0.50,150,600,23.03977793481446,7192.069580399959,48.26892335838899,798.6375795720888,0.9556258177732994,4964.555743200009,1933.5004196
Blend momExp=0.50 revExp=0.25 momWeight=0.50,250,500,47.38635169600947,17400.90594059997,69.88315638795169,761.335882515069,1.4513301510079473,7333.784201600005,3207.7440594000004
Blend momExp=0.50 revExp=0.25 momWeight=0.50,500,250,-2.3580466476954522,-1176.6652772000307,-2.3580466476954522,792.2792037015274,-0.047059156676106814,23396.3569746,6547.8952772
Blend momExp=0.50 revExp=0.25 momWeight=0.50,750,0,0.7468595705812499,9159.462329799995,12.228921668624826,758.138650474082,0.25504072227724617,24385.416612199995,9786.867670200001
Blend momExp=0.50 revExp=0.25 momWeight=0.60,100,650,67.90877959229925,9460.63529939997,95.56197272121182,964.1948141422574,1.5670769385268781,5937.259782000017,1524.4747006
Blend momExp=0.50 revExp=0.25 momWeight=0.60,150,600,31.352635265705942,9157.958749399952,61.462810398657396,952.3619477934672,1.0204233416988076,5991.604288400011,2308.0312506
Blend momExp=0.50 revExp=0.25 momWeight=0.60,250,500,56.2162295444194,20676.30576619997,83.03737255501996,906.8832637729316,1.4477454744140363,8836.235208600003,3828.1342338000004
Blend momExp=0.50 revExp=0.25 momWeight=0.60,500,250,-6.294747921442921,-3141.0792128000176,-6.294747921442921,946.5903123875604,-0.105144435073303,29460.393608999988,7809.929212800001
Blend momExp=0.50 revExp=0.25 momWeight=0.60,750,0,0.3453221817263837,7894.8565176,10.54052939599466,905.562059720088,0.18404084114127453,30455.7201664,11670.2734824
Blend momExp=0.50 revExp=0.25 momWeight=0.80,100,650,100.88123476779384,13482.364318599959,136.18549816767634,1273.8234829107178,1.6904083033172084,8038.421150000027,2026.3856814
Blend momExp=0.50 revExp=0.25 momWeight=0.80,150,600,45.60750206424651,12764.865674599929,85.67023942684516,1269.5568460300453,1.0669592508911465,8066.908459600015,3070.1243254
Blend momExp=0.50 revExp=0.25 momWeight=0.80,250,500,73.10964769715221,27139.752680399957,108.99499068433718,1207.3904825482427,1.4273444635073487,11868.331641800007,5089.9173196
Blend momExp=0.50 revExp=0.25 momWeight=0.80,500,250,-14.729734420841757,-7350.137476000036,-14.729734420841757,1266.2382552028746,-0.18392869551938396,42081.27807860002,10382.777476000001
Blend momExp=0.50 revExp=0.25 momWeight=0.80,750,0,0.04088757145639434,4664.688756999998,6.227888861148195,1211.3100022697952,0.08129344997860385,43606.64097039999,15511.601243000001
Blend momExp=0.50 revExp=0.50 momWeight=0.20,100,650,-12.98581881414152,-1285.5960626000106,-12.98581881414152,599.1874842888695,-0.34267041461730996,6794.645252800008,685.7860626000002
Blend momExp=0.50 revExp=0.50 momWeight=0.20,150,600,-3.54537565369142,-528.2609724000216,-3.54537565369142,561.3171630459009,-0.09986744540052876,6794.64525280001,1034.5209724000001
Blend momExp=0.50 revExp=0.50 momWeight=0.20,250,500,14.674218049561938,7873.745149999981,31.621466465863374,537.3090119273623,0.9305246586882255,6794.645252800012,1718.7348500000003
Blend momExp=0.50 revExp=0.50 momWeight=0.20,500,250,6.968932751660772,11299.759063399968,22.644807742284506,536.9964331520836,0.6667564737990885,8819.722908400005,3514.0609366
Blend momExp=0.50 revExp=0.50 momWeight=0.20,750,0,18.296515644427004,25860.815880199985,34.527124005607455,514.1781442387737,1.0617366192649065,8819.722908400006,5238.3641198000005
Blend momExp=0.50 revExp=0.50 momWeight=0.40,100,650,12.869301406189473,3531.3597661999784,35.67030066868665,750.7169617652036,0.7512777829799219,5551.467306800025,1057.2802338000001
Blend momExp=0.50 revExp=0.50 momWeight=0.40,150,600,6.256872177120304,3818.8696117999634,25.629997394630628,713.0824824867933,0.5683014951409585,5551.467306800023,1594.7303882
Blend momExp=0.50 revExp=0.50 momWeight=0.40,250,500,37.535401474582656,14490.247271999975,58.19376414457821,682.6119233218631,1.347946278318497,5706.782388400003,2646.7927280000004
Blend momExp=0.50 revExp=0.50 momWeight=0.40,500,250,0.8056002666868406,5918.12962439997,11.85997920721437,694.6424268446442,0.2699557775890309,15754.710726000012,5405.000375600001
Blend momExp=0.50 revExp=0.50 momWeight=0.40,750,0,7.974024248201325,20311.985986999985,27.118806391188233,664.396006312905,0.6453771155037442,17169.621918400004,8083.704013
Blend momExp=0.50 revExp=0.50 momWeight=0.50,100,650,31.813850353910553,5853.698213799978,59.128264785858356,866.2693901377227,1.0792254288652274,5070.66323960001,1298.5217862000002
Blend momExp=0.50 revExp=0.50 momWeight=0.50,150,600,14.657865315465147,5971.010209399957,40.0738940228185,834.3533853856076,0.7594191025289994,5415.161582599992,1961.3697906000002
Blend momExp=0.50 revExp=0.50 momWeight=0.50,250,500,47.71761069729074,17796.815693599972,71.47315539598382,797.3630596342728,1.4172838826652603,7254.3789956,3255.1743064
Blend momExp=0.50 revExp=0.50 momWeight=0.50,500,250,0.09614988513919266,3194.635641799967,6.4020754344688715,819.7677443182433,0.12348095094892075,21533.13486860002,6649.824358200001
Blend momExp=0.50 revExp=0.50 momWeight=0.50,750,0,4.1122361433487,17293.866872799998,23.0892748635514,784.251751030017,0.46550548337699077,22927.161731200005,9944.1431272
Blend momExp=0.50 revExp=0.50 momWeight=0.60,100,650,51.97395467408544,8151.378961399964,82.33716122626227,995.0544109315806,1.308335316576946,5880.4498866000085,1540.2310386
Blend momExp=0.50 revExp=0.50 momWeight=0.60,150,600,23.747289196036988,8071.595485399952,54.171781781207734,969.4999165605426,0.8834772051655563,6122.559703399989,2329.2945146
Blend momExp=0.50 revExp=0.50 momWeight=0.60,250,500,56.7112389371977,20950.06998319997,84.13682724176695,925.1231396729667,1.437992402168971,8777.287329600003,3864.5200168
Blend momExp=0.50 revExp=0.50 momWeight=0.60,500,250,0.000168357910202613,425.05756419997124,0.851818765931806,957.9241540737684,0.014060024703223588,27218.56924019999,7888.3124358000005
Blend momExp=0.50 revExp=0.50 momWeight=0.60,750,0,1.9339532714161114,14474.503596599998,19.325104935380505,916.2902137883347,0.3334715720956087,28528.122944600007,11791.2664034
Blend momExp=0.50 revExp=0.50 momWeight=0.80,100,650,93.3206622104813,12849.917672599957,129.79714820808036,1283.0770758819945,1.5994932410815144,7981.277292000028,2035.7023273999998
Blend momExp=0.50 revExp=0.50 momWeight=0.80,150,600,41.859176261684475,12227.208543599936,82.06180230603984,1271.5777722718574,1.0203945438661828,8037.928679600014,3082.6514564
Blend momExp=0.50 revExp=0.50 momWeight=0.80,250,500,73.64239704400806,27284.88339239995,109.57784494939739,1210.2924730317884,1.4315365040024195,11838.685580800007,5111.1766076
Blend momExp=0.50 revExp=0.50 momWeight=0.80,500,250,-11.185862639278653,-5581.745457000048,-11.185862639278653,1265.662285887959,-0.1397402922102805,40441.6065256,10427.745457
Blend momExp=0.50 revExp=0.50 momWeight=0.80,750,0,0.20581490950800704,8025.365550999995,10.714773766355133,1210.5826342736825,0.13994538148745211,41632.46635799999,15581.274449
Blend momExp=0.50 revExp=0.75 momWeight=0.20,100,650,-39.175882713131436,-3878.4123886000125,-39.175882713131436,821.4984104830534,-0.7540186148885297,10350.90793740001,835.4623886000002
Blend momExp=0.50 revExp=0.75 momWeight=0.20,150,600,-17.912595438926356,-2668.9767204000273,-17.912595438926356,774.1959419333292,-0.3658285798469662,10350.90793740001,1261.4667204
Blend momExp=0.50 revExp=0.75 momWeight=0.20,250,500,10.82288923505115,8168.2140959999815,32.80407267469872,739.1825368046722,0.7016912671541624,10350.90793740001,2096.085904
Blend momExp=0.50 revExp=0.75 momWeight=0.20,500,250,12.711572948702596,17553.996872399963,35.17835044569131,739.4626118374327,0.7521929435996986,11883.731482400006,4291.8631276
Blend momExp=0.50 revExp=0.75 momWeight=0.20,750,0,28.769511327991967,38195.83413819998,50.99577321522026,708.7142358748971,1.137713807896264,11883.731482399999,6382.315861800001
Blend momExp=0.50 revExp=0.75 momWeight=0.40,100,650,1.4128477617435995,1646.9744381999822,16.636105436363454,863.4312914291261,0.30464488081351954,7894.210884000014,1111.4355618
Blend momExp=0.50 revExp=0.75 momWeight=0.40,150,600,1.389859991626432,2365.8362607999647,15.878095710066878,810.5702213171991,0.309726079428169,7894.210884000014,1674.1837392000002
Blend momExp=0.50 revExp=0.75 momWeight=0.40,250,500,35.75978894967982,14901.778085999977,59.8464983373493,776.604695136035,1.2184528751680628,7894.210884000009,2779.901914
Blend momExp=0.50 revExp=0.75 momWeight=0.40,500,250,3.691676025578258,11045.312558399968,22.134894906613162,782.265249968888,0.4473973736922452,14611.2227036,5678.4174416000005
Blend momExp=0.50 revExp=0.75 momWeight=0.40,750,0,16.705872541786764,30001.701799999988,40.055676635514004,748.757379208953,0.8458492357112777,15377.691308399993,8490.548200000001
Blend momExp=0.50 revExp=0.75 momWeight=0.50,100,650,15.91115727325931,4396.022064799975,44.404263280807825,939.5365635107639,0.747275919014965,6974.141829400031,1322.4879352
Blend momExp=0.50 revExp=0.75 momWeight=0.50,150,600,8.174446586654852,4861.733731399951,32.62908544563725,892.3317629070134,0.5781606811816252,6974.141829400031,1994.2162686000001
Blend momExp=0.50 revExp=0.75 momWeight=0.50,250,500,47.5789787981109,18267.210820599972,73.36229245220872,853.8954627902326,1.3584329032636513,7141.757319600003,3311.1791794
Blend momExp=0.50 revExp=0.75 momWeight=0.50,500,250,1.1151113256369725,7671.654387799967,15.374056889378691,869.2467593199718,0.2796503761801426,19603.517335400004,6763.9956122
Blend momExp=0.50 revExp=0.75 momWeight=0.50,750,0,10.265928492460448,25727.29799879999,34.348862481708935,831.8364445426153,0.6528966192256036,21390.5980242,10117.5620012
Blend momExp=0.50 revExp=0.75 momWeight=0.60,100,650,38.2822590873076,7030.584409399972,71.01600413535326,1038.3058601975154,1.0814362703728397,6106.591765200014,1555.3255906
Blend momExp=0.50 revExp=0.75 momWeight=0.60,150,600,17.705887509926722,7180.023242399948,48.18807545234864,999.7094649466485,0.7621418013562703,6499.90263739999,2349.7167575999997
Blend momExp=0.50 revExp=0.75 momWeight=0.60,250,500,57.02866380528983,21289.820158199967,85.50128577590348,955.234024172107,1.4152490336551138,8696.429932600002,3899.0698418
Blend momExp=0.50 revExp=0.75 momWeight=0.60,500,250,0.10485576419074583,3707.7171441999653,7.430294878156243,981.9666322095933,0.1196408041319363,25852.6682372,7963.752855799999
Blend momExp=0.50 revExp=0.75 momWeight=0.60,750,0,5.021863953708059,20865.728658599997,27.85811569906542,939.294288374186,0.4689430033798215,27479.8924946,11907.3413414
Blend momExp=0.50 revExp=0.75 momWeight=0.80,100,650,86.41691820425383,12272.61360259996,123.96579396565616,1292.0251056392467,1.51705357415898,7929.774369000026,2041.0663974000001
Blend momExp=0.50 revExp=0.75 momWeight=0.80,150,600,39.10585924243218,11826.481511599934,79.3723591382546,1273.4746879079926,0.9854826347200171,7972.055526600015,3089.5584884000004
Blend momExp=0.50 revExp=0.75 momWeight=0.80,250,500,74.60724330800818,27527.08083939996,110.5505254594376,1213.2468847653213,1.4407267859907866,11780.529087800005,5123.279160600001
Blend momExp=0.50 revExp=0.75 momWeight=0.80,500,250,-7.594142232465005,-3789.4769740000374,-7.594142232465005,1265.58293174519,-0.09487638355216217,38863.25237859998,10454.036974
Blend momExp=0.50 revExp=0.75 momWeight=0.80,750,0,0.5778860676486779,11395.453328999998,15.21422340320427,1210.6396307047091,0.19870322086167871,40193.61346699999,15621.186671000001
Blend momExp=0.50 revExp=1.00 momWeight=0.20,100,650,-65.85252224848495,-6519.39970260001,-65.85252224848495,1057.9509111272087,-0.9841853614467265,14029.91101940001,987.4097026000002
Blend momExp=0.50 revExp=1.00 momWeight=0.20,150,600,-32.73542745906059,-4877.578691400027,-32.73542745906059,1003.0384004685453,-0.5160246651648315,14029.911019400011,1491.4386914000002
Blend momExp=0.50 revExp=1.00 momWeight=0.20,250,500,7.9359802135488415,8368.565420999978,33.608696469879426,955.7785838853289,0.5559866679688582,14029.911019400013,2478.984579
Blend momExp=0.50 revExp=1.00 momWeight=0.20,500,250,18.267738328468667,23814.120075399966,47.72368752585164,958.1822420873453,0.7875096421902794,14902.737086400004,5079.119924600001
Blend momExp=0.50 revExp=1.00 momWeight=0.20,750,0,38.50985089103991,50367.800549199965,67.24672970520689,918.4913126117835,1.1576202635029087,14902.737086399993,7541.3494508
Blend momExp=0.50 revExp=1.00 momWeight=0.40,100,650,-2.2117260383840707,-218.960877800023,-2.2117260383840707,1000.9561306969329,-0.03493705481740195,10428.69913100002,1224.7708777999999
Blend momExp=0.50 revExp=1.00 momWeight=0.40,150,600,0.04560941322283124,811.0567537999608,5.443333918120542,936.2958445621355,0.0919225122384225,10428.699131000021,1846.4332462000002
Blend momExp=0.50 revExp=1.00 momWeight=0.40,250,500,32.821368782254716,15213.481126999977,61.09831777911637,896.6793887658289,1.0773630341425506,10428.69913100002,3066.5388730000004
Blend momExp=0.50 revExp=1.00 momWeight=0.40,500,250,7.615359840298138,15893.183364399956,31.85006686252496,898.3674849992085,0.5605654511990747,14759.173057800012,6267.9966356
Blend momExp=0.50 revExp=1.00 momWeight=0.40,750,0,25.352107751685864,39348.677538999975,52.534949985313716,860.1193612416107,0.9657386300245957,14759.173057800017,9358.762461000002
Blend momExp=0.50 revExp=1.00 momWeight=0.50,100,650,4.6170873394696965,2833.9930307999734,28.626192230302763,1032.1374283640425,0.43852671988193603,8959.067616400029,1347.3169692000004
Blend momExp=0.50 revExp=1.00 momWeight=0.50,150,600,3.2743877603494074,3616.729114399952,24.2733497610735,971.9268453773927,0.39488091131535297,8959.067616400025,2028.8608856
Blend momExp=0.50 revExp=1.00 momWeight=0.50,250,500,46.30620680220261,18652.67468859997,74.91034011485932,930.9075797152789,1.2723459354219007,8959.067616400025,3369.5953114000004
Blend momExp=0.50 revExp=1.00 momWeight=0.50,500,250,3.339214350697254,11944.56212279996,23.936998242084087,939.9998662322732,0.4026353487465709,18684.361176799997,6883.387877200001
Blend momExp=0.50 revExp=1.00 momWeight=0.50,750,0,17.417578676285643,33792.95849379998,45.117434571161525,899.6203396711304,0.7929670391881599,19959.210010199997,10299.501506200002
Blend momExp=0.50 revExp=1.00 momWeight=0.60,100,650,24.40432061840961,5795.502646399969,58.54043077171686,1094.711228897672,0.8455247902793639,7638.476323200032,1576.1273536
Blend momExp=0.50 revExp=1.00 momWeight=0.60,150,600,11.907148040592862,6215.714492399946,41.7162046469795,1043.6263429412131,0.6320184561956121,7638.476323200036,2377.9955076000006
Blend momExp=0.50 revExp=1.00 momWeight=0.60,250,500,56.74168897461856,21611.45040719997,86.79297352289144,998.6997997592945,1.3741040165281706,8616.254673600004,3946.8395928000004
Blend momExp=0.50 revExp=1.00 momWeight=0.60,500,250,0.6882367947310377,7200.721677199956,14.43030396232456,1019.5360187630237,0.22379115112020798,24319.97133320002,8060.798322800001
Blend momExp=0.50 revExp=1.00 momWeight=0.60,750,0,9.492256344350036,27369.580934599988,36.54149657489985,975.3245160338777,0.5923892837115529,26265.638844599984,12054.9490654
Blend momExp=0.50 revExp=1.00 momWeight=0.80,100,650,79.83051693292418,11735.192020599956,118.5372931373733,1305.070701522956,1.4361207923360642,7889.037835000021,2047.0879794
Blend momExp=0.50 revExp=1.00 momWeight=0.80,150,600,36.471883703264915,11456.26846459994,76.88770781610698,1279.7452917821972,0.9499557542025691,7925.899359600014,3097.4915354
Blend momExp=0.50 revExp=1.00 momWeight=0.80,250,500,75.49322551057233,27788.202820399958,111.59920811405605,1220.3002798944287,1.445987059603445,11724.814542800006,5137.6671796
Blend momExp=0.50 revExp=1.00 momWeight=0.80,500,250,-3.8900892204409554,-1941.1545210000368,-3.8900892204409554,1269.16896446036,-0.04846298082577512,37556.91749500002,10486.204521
Blend momExp=0.50 revExp=1.00 momWeight=0.80,750,0,1.2186142883739974,14763.580918000007,19.71105596528706,1214.070457071969,0.25670599088493,39077.44262439999,15671.439082
Blend momExp=0.75 revExp=0.25 momWeight=0.20,100,650,12.97986157714246,2967.7470451999866,29.977242880807946,542.3974874093213,0.8738643492634977,3703.424305400015,784.9629548
Blend momExp=0.75 revExp=0.25 momWeight=0.20,150,600,6.579963617625032,3224.7727485999726,21.64277012483203,517.7547042454931,0.6609350712675024,3703.424305400014,1184.7572514000003
Blend momExp=0.75 revExp=0.25 momWeight=0.20,250,500,28.796126016175354,10870.632362999979,43.65715808433726,495.88722325346225,1.392010614941521,4278.677183600001,1966.5276370000001
Blend momExp=0.75 revExp=0.25 momWeight=0.20,500,250,0.38760440903453147,3735.179503199981,7.485329665731425,506.46119382843176,0.23368711235314096,12092.946266200006,4016.3204968
Blend momExp=0.75 revExp=0.25 momWeight=0.20,750,0,4.8617307719174745,13763.27476919999,18.375533737249654,484.3990753462783,0.5998002761404466,13072.441208000002,6004.7152308
Blend momExp=0.75 revExp=0.25 momWeight=0.40,100,650,59.45496753861506,8760.626358799971,88.49117534141385,977.7905655292105,1.4309489003544502,5905.735850000024,1532.7236411999997
Blend momExp=0.75 revExp=0.25 momWeight=0.40,150,600,27.125839398937753,8553.11559139995,57.403460344966106,958.9089188162179,0.9465220142562807,5941.605760400011,2319.1744086
Blend momExp=0.75 revExp=0.25 momWeight=0.40,250,500,56.249910238763455,20748.334116999966,83.3266430401605,914.094514964816,1.441327879496503,8796.801153,3846.665883
Blend momExp=0.75 revExp=0.25 momWeight=0.40,500,250,-3.037806835270584,-1515.8656108000214,-3.037806835270584,950.5105962585733,-0.05053278063861629,28115.337850800006,7850.9756108
Blend momExp=0.75 revExp=0.25 momWeight=0.40,750,0,0.9123406160135563,11054.614650600008,14.759165087583455,909.1350125994733,0.25668672635185497,29244.0219916,11732.9653494
Blend momExp=0.75 revExp=0.25 momWeight=0.50,100,650,84.22999431801689,11783.53129979996,119.0255686848481,1209.5919521515784,1.5558630998305663,7427.653125000019,1913.9987001999998
Blend momExp=0.75 revExp=0.25 momWeight=0.50,150,600,38.24010790309232,11322.961244599941,75.99302848724793,1193.8767082605596,1.0064316300461584,7519.206050200014,2897.5287553999997
Blend momExp=0.75 revExp=0.25 momWeight=0.50,250,500,70.14964177331663,25847.732696999963,103.80615540963841,1136.8808356988316,1.443704018627798,11088.492357800007,4804.717302999999
Blend momExp=0.75 revExp=0.25 momWeight=0.50,500,250,-8.047902661322714,-4015.903428000034,-8.047902661322714,1187.3455584942817,-0.10717058153392264,36936.9878374,9805.923428
Blend momExp=0.75 revExp=0.25 momWeight=0.50,750,0,0.38968912982154175,9553.040568399985,12.75439328224297,1135.9586624692681,0.17752817192205597,38166.04496780001,14656.5794316
Blend momExp=0.75 revExp=0.25 momWeight=0.60,100,650,107.5739652144413,14670.486335399952,148.18673066060558,1439.6503057719556,1.6275049087359772,9009.756637400033,2284.6936646
Blend momExp=0.75 revExp=0.25 momWeight=0.60,150,600,48.93325484705984,14016.09897279993,94.06777834093913,1428.4441678376568,1.04123227455058,9041.254536000015,3460.7710272000004
Blend momExp=0.75 revExp=0.25 momWeight=0.60,250,500,83.18941693710042,30748.016910399958,123.48601168835324,1358.9012626811834,1.4368117347058007,13319.994804400001,5738.543089600001
Blend momExp=0.75 revExp=0.25 momWeight=0.60,500,250,-13.143614321843762,-6558.663546600037,-13.143614321843762,1422.5890701884084,-0.14608490538427574,45797.8198098,11708.773546600001
Blend momExp=0.75 revExp=0.25 momWeight=0.60,750,0,0.17348183315038182,8187.085643400007,10.930688442456619,1360.9440581597107,0.1269922582952519,47194.2350378,17497.4043566
Blend momExp=0.75 revExp=0.25 momWeight=0.80,100,650,154.76020487689755,20536.114384599932,207.43549883434275,1913.4931874138108,1.7140605678777017,12131.618381800045,3041.2056153999997
Blend momExp=0.75 revExp=0.25 momWeight=0.80,150,600,69.62080404214971,19343.067655199906,129.81924600805306,1908.6759225645037,1.0754169858222633,12137.78637760002,4608.1023448
Blend momExp=0.75 revExp=0.25 momWeight=0.80,250,500,109.30336047796614,40652.853780199934,163.26447301285114,1813.7832442422066,1.4232339981820867,17853.527881800008,7638.8562198
Blend momExp=0.75 revExp=0.25 momWeight=0.80,500,250,-23.957555162725544,-11954.820026200046,-23.957555162725544,1904.3715307493117,-0.1989119251681136,64026.95514419999,15584.4500262
Blend momExp=0.75 revExp=0.25 momWeight=0.80,750,0,0.02593912607124056,5256.491040800023,7.018012070494023,1821.836590613528,0.06090804988673963,66556.33490199997,23287.7889592
Blend momExp=0.75 revExp=0.50 momWeight=0.20,100,650,0.024142130483723465,358.97609519998696,3.626021163636232,700.2886766814064,0.08186970675724092,6932.443455000012,877.9339048
Blend momExp=0.75 revExp=0.50 momWeight=0.20,150,600,0.1921784299963153,1040.160264599972,6.980941373154174,656.0349796063743,0.16825074605409132,6932.44345500001,1323.0997354
Blend momExp=0.75 revExp=0.50 momWeight=0.20,250,500,25.155876340186783,11178.876407999982,44.89508597590354,628.8020747912163,1.1288983698095905,6932.443455000013,2198.383592
Blend momExp=0.75 revExp=0.50 momWeight=0.20,500,250,4.29660025905275,10245.485155199976,20.53203437915827,631.0611794953768,0.5144350163239363,10640.303594600005,4491.374844800001
Blend momExp=0.75 revExp=0.50 momWeight=0.20,750,0,16.202544710915515,26395.941547199993,35.24157749959946,604.0267485457998,0.9225059445163449,10787.579367999999,6708.4084528
Blend momExp=0.75 revExp=0.50 momWeight=0.40,100,650,38.025302689475055,7005.698623799967,70.76463256363603,1038.209057278415,1.077708844462527,6098.238072400012,1555.2613762
Blend momExp=0.75 revExp=0.50 momWeight=0.40,150,600,17.419113482402118,7128.3293763999445,47.84113675436205,999.6604668130159,0.7566917119254118,6500.041622599991,2349.7306236
Blend momExp=0.75 revExp=0.50 momWeight=0.40,250,500,56.9424844697944,21271.308692999963,85.42694254216852,955.3238980789105,1.4138854503735714,8702.826563,3899.101307
Blend momExp=0.75 revExp=0.50 momWeight=0.40,500,250,0.1083142807588002,3748.7173841999593,7.512459687775469,982.0797774898392,0.12094986572419099,25828.71495080001,7964.3926158
Blend momExp=0.75 revExp=0.50 momWeight=0.40,750,0,5.073536175901808,20946.870649599987,27.966449465420542,939.2960337183201,0.47076573946892836,27447.907870600015,11907.7793504
Blend momExp=0.75 revExp=0.50 momWeight=0.50,100,650,64.80142835786029,10180.269559799963,102.83100565454508,1245.5539609660768,1.3053637262804731,7379.83989120001,1930.4304402000002
Blend momExp=0.75 revExp=0.50 momWeight=0.50,150,600,29.329270820158055,10038.620303599935,67.37329062818749,1213.2500854828097,0.8780261151218672,7652.078524999985,2919.0896964000003
Blend momExp=0.75 revExp=0.50 momWeight=0.50,250,500,70.71366915336927,26159.461217999957,105.05807718072272,1157.6460217382482,1.4349067169513527,10983.944093800004,4842.5387820000005
Blend momExp=0.75 revExp=0.50 momWeight=0.50,500,250,2.688717217309906e-05,267.86289199995736,0.5367993827654456,1199.235773618401,0.0070774602186421,34228.61136399999,9887.077108
Blend momExp=0.75 revExp=0.50 momWeight=0.50,750,0,2.2648505620764707,17697.64267139999,23.628361377036036,1147.4140017474656,0.32559930075453025,35890.21596340001,14780.6073286
Blend momExp=0.75 revExp=0.50 momWeight=0.60,100,650,92.99806635519559,13462.950482399952,135.98939881212073,1461.9366429459799,1.470775905229116,8918.717879400037,2299.5795176
Blend momExp=0.75 revExp=0.50 momWeight=0.60,150,600,42.20269168024561,13053.603938799924,87.60808012617399,1436.8048644748746,0.9640873353198686,8951.263393000016,3480.0960612
Blend momExp=0.75 revExp=0.50 momWeight=0.60,250,500,84.28986825540366,31085.24829939995,124.84035461606406,1369.100547694725,1.441748983135692,13237.116169400006,5771.6017006
Blend momExp=0.75 revExp=0.50 momWeight=0.60,500,250,-6.146035622444986,-3066.871775600048,-6.146035622444986,1425.6051336408852,-0.0681656886918615,42605.36766680002,11779.771775600002
Blend momExp=0.75 revExp=0.50 momWeight=0.60,750,0,1.0042615222096545,14897.119470399992,19.88934508731641,1363.7241491463617,0.2306024707576331,44269.25441800001,17606.180529600002
Blend momExp=0.75 revExp=0.50 momWeight=0.80,100,650,148.29378687838232,19991.04373859994,201.9297347333327,1920.1571828765466,1.6627750445782123,12106.819547800042,3048.9062614
Blend momExp=0.75 revExp=0.50 momWeight=0.80,150,600,66.38054714035692,18873.545204199894,126.66808861879123,1908.6688886764475,1.0493168020703614,12115.674076600022,4618.7847958
Blend momExp=0.75 revExp=0.50 momWeight=0.80,250,500,110.03234699539586,40824.88151119994,163.9553474345379,1814.7734908003388,1.428476708210927,17839.077065800007,7656.6884888
Blend momExp=0.75 revExp=0.50 momWeight=0.80,500,250,-20.315328048497115,-10137.34869620006,-20.315328048497115,1901.9112077232908,-0.16888987189800814,62361.96109419996,15623.4586962
Blend momExp=0.75 revExp=0.50 momWeight=0.80,750,0,0.11225499297545155,8575.589575800015,11.449385281441943,1819.2857157724034,0.09950645735376613,64423.14940199994,23347.190424200002
Blend momExp=0.75 revExp=0.75 momWeight=0.20,100,650,-21.621736482828442,-2140.5519118000157,-21.621736482828442,903.7710488500855,-0.3782702175550527,10334.878995000014,1031.0219118
Blend momExp=0.75 revExp=0.75 momWeight=0.20,150,600,-6.958407177181414,-1036.8026694000307,-6.958407177181414,845.9162852948064,-0.1300626075492059,10334.878995000014,1555.0526694
Blend momExp=0.75 revExp=0.75 momWeight=0.20,250,500,21.024281787053347,11575.38394699998,46.487485730923616,808.9133488090428,0.9086655438480056,10334.878995000015,2583.886053
Blend momExp=0.75 revExp=0.75 momWeight=0.20,500,250,10.106872734125526,16742.322622199965,33.5517487418837,807.9802343690238,0.6565751301385362,13259.314881200007,5285.9773778
Blend momExp=0.75 revExp=0.75 momWeight=0.20,750,0,27.401490733193377,38822.493843199976,51.83243503765017,773.8461886376548,1.0590512287735667,13259.314881200002,7877.8461568
Blend momExp=0.75 revExp=0.75 momWeight=0.40,100,650,18.54016525197186,5212.34182179997,52.64991739191888,1129.1462066445088,0.7372546469112534,8415.397777400036,1587.0181782
Blend momExp=0.75 revExp=0.75 momWeight=0.40,150,600,9.277317142769034,5708.6985633999475,38.313413177180855,1071.7136396237663,0.5652519763466535,8415.397777400034,2393.6914366
Blend momExp=0.75 revExp=0.75 momWeight=0.40,250,500,56.60044709573443,21818.88975099996,87.62606325702795,1025.778475615669,1.3506714601312306,8585.562248000006,3973.080249
Blend momExp=0.75 revExp=0.75 momWeight=0.40,500,250,1.2695490187848464,9041.301723199955,18.118841128657223,1043.6779641510416,0.27449466452949245,23598.894270800018,8116.018276800001
Blend momExp=0.75 revExp=0.75 momWeight=0.40,750,0,12.263802470766848,30815.460718599985,41.14213714098796,998.2293870073918,0.6516681579700208,25672.908706600003,12139.2792814
Blend momExp=0.75 revExp=0.75 momWeight=0.50,100,650,47.30481575597762,8753.855428799965,88.42278210909056,1303.458820818117,1.072597707145099,7706.7937504000365,1951.6645712000002
Blend momExp=0.75 revExp=0.75 momWeight=0.50,150,600,21.691151059004543,8913.091540599933,59.81940631275123,1253.990567175781,0.7542543667349285,8152.116195999988,2947.5584594
Blend momExp=0.75 revExp=0.75 momWeight=0.50,250,500,71.35563540406109,26664.392070999966,107.08591193172677,1198.1367616859845,1.413175014110826,10895.956031800004,4890.5979290000005
Blend momExp=0.75 revExp=0.75 momWeight=0.50,500,250,0.1342938823901941,4683.146246999964,9.385062619238406,1231.5951680740704,0.12048672579037775,32434.99879200001,9991.293753000002
Blend momExp=0.75 revExp=0.75 momWeight=0.50,750,0,6.193691049740612,26005.84179139998,34.72075005527367,1178.1832219840946,0.46595745973695507,34492.723285399996,14941.658208600002
Blend momExp=0.75 revExp=0.75 momWeight=0.60,100,650,79.20816460015078,12347.786717399955,124.7251183575753,1494.9461483176112,1.3191627534138481,8801.971266600012,2314.8832826000003
Blend momExp=0.75 revExp=0.75 momWeight=0.60,150,600,35.78092813348213,12141.623606799925,81.48740675704647,1456.208568460159,0.8847833049263919,9208.052992399984,3500.6963932
Blend momExp=0.75 revExp=0.75 momWeight=0.60,250,500,85.1945450935089,31468.339560399945,126.37887373654597,1389.3273534408115,1.4382682675344929,13200.703760400003,5806.9504396
Blend momExp=0.75 revExp=0.75 momWeight=0.60,500,250,0.0002690152121784063,651.8365023999468,1.306285575951797,1439.1102226674907,0.01435205458750671,40940.83664060001,11855.9734976
Blend momExp=0.75 revExp=0.75 momWeight=0.60,750,0,2.8721380489553185,21657.479378399996,28.915192761548727,1376.7002860752036,0.3320906846398123,42915.73574779999,17724.5506216
Blend momExp=0.75 revExp=0.75 momWeight=0.80,100,650,141.42182578448046,19420.093777599934,196.16256341010035,1929.6708447955227,1.6073220303508695,12034.614443800034,3057.1362224000004
Blend momExp=0.75 revExp=0.75 momWeight=0.80,150,600,63.599075233176926,18475.7439671999,123.99828165905974,1910.6268960500245,1.026147482798349,12072.362648600021,4629.8960328
Blend momExp=0.75 revExp=0.75 momWeight=0.80,250,500,111.32672747744986,41141.18680319995,165.22564981204798,1817.765231620496,1.4371750878457936,17794.379957800007,7675.863196800001
Blend momExp=0.75 revExp=0.75 momWeight=0.80,500,250,-16.41546950140293,-8191.319281200063,-16.41546950140293,1901.4566809660685,-0.13650132817931968,60712.92988919999,15664.909281200002
Blend momExp=0.75 revExp=0.75 momWeight=0.80,750,0,0.3112748510138149,12084.605405800015,16.134319633911904,1818.8365480149191,0.14025778895860733,62506.57129539999,23411.5845942
Blend momExp=0.75 revExp=1.00 momWeight=0.20,100,650,-47.25250235151528,-4677.997732800013,-47.25250235151528,1122.534669709613,-0.6655720157485437,13741.910524400013,1181.2177328
Blend momExp=0.75 revExp=1.00 momWeight=0.20,150,600,-21.148250042953244,-3151.0892564000333,-21.148250042953244,1055.412482328439,-0.31682702157806364,13741.91052440001,1783.1292564
Blend momExp=0.75 revExp=1.00 momWeight=0.20,250,500,17.1323520491948,11880.672272999976,47.713543265060146,1007.930013280296,0.7484818884573579,13741.910524400018,2963.487727
Blend momExp=0.75 revExp=1.00 momWeight=0.20,500,250,15.864841020488425,23015.294801199954,46.1228352729458,1007.1362007217788,0.7240987440563392,16331.237435200008,6067.0851988
Blend momExp=0.75 revExp=1.00 momWeight=0.20,750,0,37.691389748580995,50956.585722199976,68.03282472923895,965.1292779034902,1.114558882032674,16331.2374352,9027.714277800002
Blend momExp=0.75 revExp=1.00 momWeight=0.40,100,650,5.51799735318,3395.927309799964,34.3022960585855,1238.7403315408103,0.4378374618013037,10730.191820400029,1615.6526902000003
Blend momExp=0.75 revExp=1.00 momWeight=0.40,150,600,3.696390386946795,4243.243278399945,28.47814280805332,1165.8931716549534,0.38620946152879543,10730.191820400025,2433.6167216000003
Blend momExp=0.75 revExp=1.00 momWeight=0.40,250,500,54.83856843326473,22211.817631999966,89.20408687550187,1116.5370836180182,1.2632275956658905,10730.191820400018,4041.0823680000003
Blend momExp=0.75 revExp=1.00 momWeight=0.40,500,250,3.797306090619589,14049.153008199954,28.154615246893695,1127.4478231211103,0.3948418232757725,22438.001306000016,8254.446991800001
Blend momExp=0.75 revExp=1.00 momWeight=0.40,750,0,20.786876153941016,40436.05164759998,53.98671782056073,1078.7736283968356,0.7912734758054922,23960.976734600015,12348.8683524
Blend momExp=0.75 revExp=1.00 momWeight=0.50,100,650,30.392075128318034,7244.00475379996,73.17176518989858,1372.6258586282706,0.8428714822782839,9582.880515400035,1975.5152462
Blend momExp=0.75 revExp=1.00 momWeight=0.50,150,600,14.376608126540814,7672.014485599935,51.49003010469755,1308.0683341644415,0.6223901598592365,9582.880515400033,2980.5355144
Blend momExp=0.75 revExp=1.00 momWeight=0.50,250,500,70.80653842172526,27012.962095999956,108.48579155020063,1251.2881384065718,1.3708361189363976,10801.095761800003,4946.717904
Blend momExp=0.75 revExp=1.00 momWeight=0.50,500,250,0.8550253030935849,8996.03297199996,18.028122188376674,1277.4835712298955,0.22313370337985328,30552.73148000002,10105.147028
Blend momExp=0.75 revExp=1.00 momWeight=0.50,750,0,11.73424125751841,34111.80054339998,45.54312489105471,1222.3082386748865,0.5891312921746069,33027.32107240001,15115.769456600001
Blend momExp=0.75 revExp=1.00 momWeight=0.60,100,650,63.58998947374104,11058.989345399952,111.706963084848,1536.4025694619077,1.1495959485806717,8831.573069600014,2327.2006546
Blend momExp=0.75 revExp=1.00 momWeight=0.60,150,600,28.852124627423912,11110.230578799921,74.56530589798605,1484.0161640046772,0.7944529405546275,9589.731886399983,3516.5994212000005
Blend momExp=0.75 revExp=1.00 momWeight=0.60,250,500,85.2650543854625,31732.34467139995,127.43913522650583,1417.1313200682785,1.421879273469659,13071.685659400004,5835.0953286
Blend momExp=0.75 revExp=1.00 momWeight=0.60,500,250,0.06250637630635733,4056.4897333999506,8.129237942685272,1460.180288455102,0.08802648461836579,39408.13891460001,11916.8202666
Blend momExp=0.75 revExp=1.00 momWeight=0.60,750,0,5.748602420872275,28130.935769399992,37.55799168144191,1396.9115055732632,0.425112104743791,41739.48320179999,17818.4042306
Blend momExp=0.75 revExp=1.00 momWeight=0.80,100,650,133.70603450263476,18769.11893759993,189.5870599757569,1937.9179057568451,1.5468326151416516,11994.465438800042,3062.0810624000005
Blend momExp=0.75 revExp=1.00 momWeight=0.80,150,600,60.33440079694815,18000.099674199897,120.8060380818785,1912.282310511041,0.99886463766347,12016.90709260002,4635.860325800001
Blend momExp=0.75 revExp=1.00 momWeight=0.80,250,500,111.81170062162192,41273.17960319994,165.75574137831302,1820.3994493992077,1.4396996169667016,17745.08676380001,7686.860396800001
Blend momExp=0.75 revExp=1.00 momWeight=0.80,500,250,-13.130928737875847,-6552.333440200047,-13.130928737875847,1900.6803659973987,-0.10923362851506563,59164.754516199995,15688.6934402
Blend momExp=0.75 revExp=1.00 momWeight=0.80,750,0,0.6345988144255424,15380.712694799993,20.534996922296386,1818.2177807745222,0.17857421345682348,61122.41843439998,23448.0473052
Blend momExp=1.00 revExp=0.25 momWeight=0.20,100,650,25.470834684700606,4675.3800095999795,47.22606070303009,690.0998556883325,1.082031212642324,4062.7694558000085,1034.9999904000001
Blend momExp=1.00 revExp=0.25 momWeight=0.20,150,600,11.959543309283294,4808.496328799966,32.27178744161051,664.9893356463621,0.7673232261771059,4332.700332799994,1563.2436711999999
Blend momExp=1.00 revExp=0.25 momWeight=0.20,250,500,37.82357441425783,14137.787896999978,56.77826464658626,635.519938752807,1.412612153659473,5785.833907400003,2594.4821030000003
Blend momExp=1.00 revExp=0.25 momWeight=0.20,500,250,0.07238649743237806,2497.846872399974,5.005705155110168,653.3953998571438,0.12113208624406806,17147.540365200002,5298.833127600001
Blend momExp=1.00 revExp=0.25 momWeight=0.20,750,0,3.320244466985053,13852.439311799995,18.49457852042723,625.1499953211767,0.46776767917377793,18240.17344880001,7922.8206882
Blend momExp=1.00 revExp=0.25 momWeight=0.40,100,650,86.58385607759895,12301.832965399957,124.26093904444402,1296.0591115407299,1.5159323678711751,7956.289576400028,2044.8570346
Blend momExp=1.00 revExp=0.25 momWeight=0.40,150,600,39.10254925363215,11843.76236279993,79.48833800536865,1277.2772287517002,0.9839844861399115,8021.026243200014,3095.5376372
Blend momExp=1.00 revExp=0.25 momWeight=0.40,250,500,74.37573920979315,27499.945018999955,110.441546261044,1216.003045589844,1.4360442424975324,11828.934566400001,5133.074981
Blend momExp=1.00 revExp=0.25 momWeight=0.40,500,250,-7.982622804408888,-3983.3287794000353,-7.982622804408888,1268.6408745554522,-0.09948942317020348,39016.60313580002,10478.508779400001
Blend momExp=1.00 revExp=0.25 momWeight=0.40,750,0,0.5197310007962287,11006.973738999992,14.695559064085437,1213.5034750639456,0.19147632902161033,40366.0854876,15662.916261000002
Blend momExp=1.00 revExp=0.25 momWeight=0.50,100,650,119.36589093752853,16323.886170399952,164.887739094949,1610.0085722552114,1.6193106756110371,10024.393995400027,2552.9638296
Blend momExp=1.00 revExp=0.25 momWeight=0.50,150,600,54.28677243582493,15597.582914399924,104.68176452617398,1594.7320356918435,1.0378947621896695,10083.058689600017,3866.2270856000005
Blend momExp=1.00 revExp=0.25 momWeight=0.50,250,500,93.40909979453593,34445.798115599944,138.33653861686724,1516.939102950064,1.4419120213935848,14843.515137800008,6410.3318844000005
Blend momExp=1.00 revExp=0.25 momWeight=0.50,500,250,-13.821112243286674,-6896.73500940005,-13.821112243286674,1587.6852333509719,-0.13764124515216009,50827.68374059997,13084.7850094
Blend momExp=1.00 revExp=0.25 momWeight=0.50,750,0,0.25149039560959774,9978.682044399993,13.32267295647529,1518.6514512308834,0.13870855959030104,52363.74273399999,19558.0879556
Blend momExp=1.00 revExp=0.25 momWeight=0.60,100,650,149.35286337356717,20088.900493399942,202.91818680201962,1921.4366329955903,1.6698017461171548,12069.726778600038,3054.8295066000005
Blend momExp=1.00 revExp=0.25 momWeight=0.60,150,600,67.57419017672424,19055.516997199906,127.8893758201336,1910.413514235908,1.0584664344008259,12132.100007600022,4627.373002800001
Blend momExp=1.00 revExp=0.25 momWeight=0.60,250,500,110.82196800694682,41017.24742659994,164.72790131164635,1816.5297942984157,1.433820034109129,17844.04900980001,7671.0825734
Blend momExp=1.00 revExp=0.25 momWeight=0.60,500,250,-19.7413966220442,-9850.956914400056,-19.7413966220442,1904.855205819132,-0.16386488938293997,62253.33836859999,15654.2469144
Blend momExp=1.00 revExp=0.25 momWeight=0.60,750,0,0.12211683558764817,8831.236298599999,11.79070266835781,1822.3468216712763,0.10230071247261553,64377.20234439998,23396.0137014
Blend momExp=1.00 revExp=0.25 momWeight=0.80,100,650,209.36501604079203,27669.166207399914,279.4865273474739,2557.4341398516226,1.7279311087171,16255.900835000037,4065.8237926
Blend momExp=1.00 revExp=0.25 momWeight=0.80,150,600,94.17301419170366,26022.796588399877,174.64964153288508,2552.7562672669633,1.0817536065970617,16255.90083500004,6161.513411600001
Blend momExp=1.00 revExp=0.25 momWeight=0.80,250,500,146.01589362097135,54327.188130999915,218.18147843775066,2425.2297497335776,1.4224434101593921,23872.032304800014,10212.521869
Blend momExp=1.00 revExp=0.25 momWeight=0.80,500,250,-32.96970029779571,-16451.88044860006,-32.96970029779571,2548.426609112341,-0.2045563061172113,86020.36314160004,20840.6704486
Blend momExp=1.00 revExp=0.25 momWeight=0.80,750,0,0.019981756539733088,5849.260283600006,7.809426279839794,2437.9542225864175,0.050648150065077474,89589.20530659998,31145.879716400006
Blend momExp=1.00 revExp=0.50 momWeight=0.20,100,650,3.7010375060035403,2262.809779599983,22.85666444040387,822.1845260035765,0.43955533739599795,7100.085167400024,1076.7802204000002
Blend momExp=1.00 revExp=0.50 momWeight=0.20,150,600,2.4915969446546318,2834.0508897999616,19.02047577046954,774.5940977698227,0.3882551247673157,7100.085167400025,1621.8391102000003
Blend momExp=1.00 revExp=0.50 momWeight=0.20,250,500,36.27868910344347,14723.357562999972,59.12995005220873,742.0049601036056,1.2600004727115512,7100.085167400026,2693.0524370000003
Blend momExp=1.00 revExp=0.50 momWeight=0.20,500,250,2.5723761590919216,9406.986209399965,18.851675770340613,749.8434224245207,0.3975112094237675,14872.304567200008,5500.2837906
Blend momExp=1.00 revExp=0.50 momWeight=0.20,750,0,13.751015870944604,26829.95330979998,35.82103245634176,717.533267946284,0.7893435451785635,15891.531223800008,8229.0966902
Blend momExp=1.00 revExp=0.50 momWeight=0.40,100,650,64.89091455987086,10527.105703399959,106.33440104444402,1343.6309152812892,1.2513068027309966,7896.898099000011,2066.0042966
Blend momExp=1.00 revExp=0.50 momWeight=0.40,150,600,29.439806491217556,10454.063536799931,70.1615002469794,1304.7109654914664,0.850265502104314,8296.741163199986,3123.4464632
Blend momExp=1.00 revExp=0.50 momWeight=0.40,250,500,75.71560639881311,28060.45010699996,112.69257071084321,1245.1974279552778,1.430958620798902,11681.506019400003,5181.429893
Blend momExp=1.00 revExp=0.50 momWeight=0.40,500,250,0.003439435439644912,1415.7092545999622,2.8370926945891024,1287.5772723881682,0.03483936475239881,36135.50484220001,10582.3307454
Blend momExp=1.00 revExp=0.50 momWeight=0.40,750,0,3.2236084212085583,21018.561329000004,28.062164658210953,1231.6383587990642,0.36025329903314857,38003.50844500001,15822.998671000001
Blend momExp=1.00 revExp=0.50 momWeight=0.50,100,650,100.28970762378162,14744.46841139995,148.93402435757525,1640.0300298836187,1.4358601046419708,9901.93190820001,2570.5715886000007
Blend momExp=1.00 revExp=0.50 momWeight=0.50,150,600,45.17825907986087,14292.08207939991,95.92001395570409,1607.3010680865884,0.9435871204150207,9990.066504600018,3889.5579206
Blend momExp=1.00 revExp=0.50 momWeight=0.50,250,500,94.03986295359199,34715.776084599944,139.4207874883532,1531.3632186587874,1.4395253727709494,14768.466839800007,6450.513915400001
Blend momExp=1.00 revExp=0.50 momWeight=0.50,500,250,-5.387460423647425,-2688.342751400065,-5.387460423647425,1593.4713731500524,-0.05345764608579898,47180.91814660001,13171.6327514
Blend momExp=1.00 revExp=0.50 momWeight=0.50,750,0,1.406774561580285,18002.756875399988,24.03572346515352,1524.21819196969,0.2493331721150043,49093.89330800001,19691.823124600003
Blend momExp=1.00 revExp=0.50 momWeight=0.60,100,650,132.91633701657224,18708.46413739994,188.97438522626203,1940.4513095079622,1.5398208494512338,11979.476501600042,3068.6458626
Blend momExp=1.00 revExp=0.50 momWeight=0.60,150,600,59.44757268496405,17883.2784381999,120.02200294093893,1915.6161072325656,0.9906549052176983,12070.67780960002,4645.811561800001
Blend momExp=1.00 revExp=0.50 momWeight=0.60,250,500,110.95661403547177,41106.15122559993,165.08494468112423,1823.1113377540871,1.431740403848195,17782.335524800004,7702.898774400001
Blend momExp=1.00 revExp=0.50 momWeight=0.60,500,250,-13.441297101002114,-6707.2072534000545,-13.441297101002114,1904.3738584849202,-0.11159865841679101,59140.886387600025,15722.807253400002
Blend momExp=1.00 revExp=0.50 momWeight=0.60,750,0,0.6058707393054913,15159.200631600015,20.239253179706296,1821.6798786422435,0.17566790669165183,61142.70434319999,23501.739368399998
Blend momExp=1.00 revExp=0.50 momWeight=0.80,100,650,202.65170897902627,27100.589527399912,273.74332855959506,2563.5843810005053,1.6883634081634888,16219.667982000054,4073.1804726
Blend momExp=1.00 revExp=0.50 momWeight=0.80,150,600,91.2693863206214,25600.93856439987,171.81837962684475,2552.155410105496,1.0644677462604863,16219.667982000046,6171.1514356
Blend momExp=1.00 revExp=0.50 momWeight=0.80,250,500,146.8342147743188,54512.87721499991,218.92721773092336,2425.507867014156,1.427141629281875,23831.529376800005,10229.142785000002
Blend momExp=1.00 revExp=0.50 momWeight=0.80,500,250,-29.555326450100345,-14748.107898600072,-29.555326450100345,2544.9771621037485,-0.18362080014674384,84475.11101759996,20875.8378986
Blend momExp=1.00 revExp=0.50 momWeight=0.80,750,0,0.07586154828068849,9127.530303600011,12.186288789853153,2434.503209794882,0.07914639143926175,87583.93442459995,31200.1596964
Blend momExp=1.00 revExp=0.75 momWeight=0.20,100,650,-2.75012796363658,-272.2626684000214,-2.75012796363658,1000.6257986636351,-0.04345614631177293,10418.874627600017,1226.1326684
Blend momExp=1.00 revExp=0.75 momWeight=0.20,150,600,0.03579405806363244,747.7779907999626,5.018644233556796,936.245751122523,0.08475523934331117,10418.874627600018,1848.4520092000002
Blend momExp=1.00 revExp=0.75 momWeight=0.20,250,500,32.56307515374715,15150.330391999974,60.844700369477806,896.5659409089096,1.0730266896095872,10418.87462760002,3070.169608
Blend momExp=1.00 revExp=0.75 momWeight=0.20,500,250,7.502014432224834,15801.098175399964,31.66552740561115,898.5615261024632,0.5571971812912635,14765.818060800008,6277.2318246
Blend momExp=1.00 revExp=0.75 momWeight=0.20,750,0,25.1685099619483,39213.829347799976,52.35491234686245,860.3488032900264,0.9621723717255274,14765.818060800006,9372.0706522
Blend momExp=1.00 revExp=0.75 momWeight=0.40,100,650,43.76844602931304,8769.087570399959,88.5766421252521,1417.057206987983,0.9883296708987046,8983.145720200046,2094.1224296
Blend momExp=1.00 revExp=0.75 momWeight=0.40,150,600,20.354127751726345,9071.77175579993,60.88437419999953,1358.4361337783719,0.708657888282447,8983.145720200046,3162.4782442000005
Blend momExp=1.00 revExp=0.75 momWeight=0.40,250,500,76.06069796462315,28612.21482699995,114.9084932811243,1298.449817404448,1.3992553135125225,11574.514913400004,5246.775173
Blend momExp=1.00 revExp=0.75 momWeight=0.40,500,250,0.30904239537446915,6533.893806599946,13.09397556432855,1331.6243586578414,0.15547472581382174,33959.35396120002,10721.766193399999
Blend momExp=1.00 revExp=0.75 momWeight=0.40,750,0,8.502412506317265,30800.802333999985,41.122566534045376,1273.5679878716178,0.5105380109966626,36290.776112,16035.667666000001
Blend momExp=1.00 revExp=0.75 momWeight=0.50,100,650,80.98367645886691,13159.04336939995,132.91962999393888,1683.0400025293377,1.248718913085825,9859.848440200012,2588.0066306000003
Blend momExp=1.00 revExp=0.75 momWeight=0.50,150,600,36.84898741413688,13089.180445399914,87.84684862684506,1634.0276195389627,0.8500349798470511,10382.363951599982,3912.4495546
Blend momExp=1.00 revExp=0.75 momWeight=0.50,250,500,94.83398524327934,35138.634366599945,141.1190135204817,1558.8122218141193,1.4314023768734372,14643.510042800004,6490.195633400001
Blend momExp=1.00 revExp=0.75 momWeight=0.50,500,250,0.004268388000695765,1767.6129325999464,3.542310486172237,1612.52398077557,0.034733651869211214,45286.19780259999,13256.807067400001
Blend momExp=1.00 revExp=0.75 momWeight=0.50,750,0,4.080191671628347,26424.06844539999,35.279130100667544,1542.4727425880935,0.36163493171466293,47613.80876999999,19823.2815546
Blend momExp=1.00 revExp=0.75 momWeight=0.60,100,650,118.6058957234994,17532.640192399936,177.09737568080743,1966.4155332184478,1.423989653583688,11859.009208200008,3082.5998076000005
Blend momExp=1.00 revExp=0.75 momWeight=0.60,150,600,52.94133725011982,16949.7621271999,113.75679279999933,1927.7773452883775,0.9330189646720553,11970.31422460002,4664.1278728
Blend momExp=1.00 revExp=0.75 momWeight=0.60,250,500,112.19754178329754,41503.77596059993,166.681831167068,1836.5478239027432,1.435013627729766,17686.3401268,7734.774039400001
Blend momExp=1.00 revExp=0.75 momWeight=0.60,500,250,-6.020082189178489,-3004.021012400066,-6.020082189178489,1910.7227892648627,-0.049816675464841,56346.00324000001,15791.571012400002
Blend momExp=1.00 revExp=0.75 momWeight=0.60,750,0,1.7853503003372229,22017.78231559999,29.39623807156207,1827.8486198851706,0.25428546416642483,58662.74894760002,23607.6376844
Blend momExp=1.00 revExp=0.75 momWeight=0.80,100,650,195.08012222418571,26456.958259399915,267.24200262020116,2569.934964805455,1.6441922194877323,16175.31663600005,4080.1617406000005
Blend momExp=1.00 revExp=0.75 momWeight=0.80,150,600,87.79490715246773,25095.09391539987,168.42344909664342,2552.009592189589,1.0434947269729045,16175.316636000043,6180.6160846
Blend momExp=1.00 revExp=0.75 momWeight=0.80,250,500,147.50464802711988,54670.86573499992,219.56170977911614,2426.397948659276,1.4307527135986102,23791.50046880001,10245.334265
Blend momExp=1.00 revExp=0.75 momWeight=0.80,500,250,-26.075767572344837,-13011.808018600073,-26.075767572344837,2542.5298626328045,-0.16215899462510647,82878.8835206,20911.3380186
Blend momExp=1.00 revExp=0.75 momWeight=0.80,750,0,0.19445846471748554,12506.216850600005,16.697218759145535,2432.086465563147,0.10855132540849907,85498.43446059998,31254.553149400002
Blend momExp=1.00 revExp=1.00 momWeight=0.20,100,650,-28.0827265090911,-2780.1899244000188,-28.0827265090911,1208.2155238957278,-0.36750636339275033,13836.710869600016,1379.3899244000002
Blend momExp=1.00 revExp=1.00 momWeight=0.20,150,600,-8.635352404027124,-1286.6675082000415,-8.635352404027124,1130.6499773642786,-0.12075966276757927,13836.710869600014,2080.8975082
Blend momExp=1.00 revExp=1.00 momWeight=0.20,250,500,28.473359926451128,15570.319354999972,62.5314030321284,1081.3310254562164,0.9143437773093451,13836.710869600016,3457.1906449999997
Blend momExp=1.00 revExp=1.00 momWeight=0.20,500,250,13.37252786854989,22291.350821399952,44.672045734268444,1080.6073411974369,0.6536389624327323,17835.806206800014,7073.669178600001
Blend momExp=1.00 revExp=1.00 momWeight=0.20,750,0,36.1576278373566,51562.737140799974,68.84210566194923,1034.8918342643747,1.0517903688382946,17835.806206800007,10546.2028592
Blend momExp=1.00 revExp=1.00 momWeight=0.40,100,650,24.640375298955245,6955.465605399956,70.25722833737329,1511.4716950147372,0.7349554224846339,11297.632179200049,2123.4243946
Blend momExp=1.00 revExp=1.00 momWeight=0.40,150,600,12.119675459180916,7566.889563799925,50.784493716778016,1434.2128949334442,0.5598704018449822,11297.632179200053,3202.5604362000004
Blend momExp=1.00 revExp=1.00 momWeight=0.40,250,500,74.93288451175997,29011.810288999954,116.51329433333315,1372.3144724057217,1.3424305987862226,11500.756682400006,5315.399711
Blend momExp=1.00 revExp=1.00 momWeight=0.40,500,250,1.5467837070122348,11708.14612559994,23.463218688577033,1396.4576004807675,0.2656622452016732,31721.519930200015,10861.203874400002
Blend momExp=1.00 revExp=1.00 momWeight=0.40,750,0,15.764237796360227,40552.33509099998,54.14196941388515,1335.6947394761576,0.6409096902717302,34543.458554,16249.204909000004
Blend momExp=1.00 revExp=1.00 momWeight=0.50,100,650,63.75890823787491,11753.420065399947,118.72141480201967,1742.857569933569,1.0770532379944286,10285.266101000047,2608.6999346000007
Blend momExp=1.00 revExp=1.00 momWeight=0.50,150,600,29.066869152338015,11928.822491399915,80.05921135167728,1676.620085015346,0.7549994712898556,10880.905098599982,3940.5075085999997
Blend momExp=1.00 revExp=1.00 momWeight=0.50,250,500,95.1966717665001,35600.004037599945,142.97190376546163,1601.4420369864781,1.4115929483156193,14571.319004800003,6537.8659624
Blend momExp=1.00 revExp=1.00 momWeight=0.50,500,250,0.1693555435811422,6139.7550235999515,12.304118283767439,1646.7832385186075,0.1181364901789636,43428.54736360002,13360.264976400002
Blend momExp=1.00 revExp=1.00 momWeight=0.50,750,0,8.158925009599782,34574.292283399984,46.1606038496662,1575.1662818231125,0.4633563072615159,46168.386596,19982.797716600002
Blend momExp=1.00 revExp=1.00 momWeight=0.60,100,650,104.74604562246256,16416.25751439994,165.82078297373675,2002.0317082882143,1.3095980333843642,11865.304172200013,3098.2024856000003
Blend momExp=1.00 revExp=1.00 momWeight=0.60,150,600,47.020762032582,16111.669158199897,108.13200777315367,1949.126419233996,0.8771709960829033,12263.944182199979,4685.2308418
Blend momExp=1.00 revExp=1.00 momWeight=0.60,250,500,113.58844218070263,42013.44477859994,168.72869388995957,1858.7725465604224,1.4352670000020997,17621.177340800015,7770.9752214
Blend momExp=1.00 revExp=1.00 momWeight=0.60,500,250,0.0001876936773939795,702.1423385999442,1.407098874949788,1926.2078083728595,0.011550252570257595,54865.09088100001,15870.927661400001
Blend momExp=1.00 revExp=1.00 momWeight=0.60,750,0,3.74782893981684,28723.6984236,38.34939709425901,1842.4111598399509,0.32911069026154893,57511.581691600004,23730.0515764
Blend momExp=1.00 revExp=1.00 momWeight=0.80,100,650,188.2838127387166,25895.87972639991,261.5745426909082,2580.379069777113,1.6028097237892804,16072.718750000058,4089.0702736000003
Blend momExp=1.00 revExp=1.00 momWeight=0.80,150,600,84.18425492829773,24580.014238399875,164.96653851275084,2555.103475413145,1.0208392819195464,16151.839991000028,6192.6957616
Blend momExp=1.00 revExp=1.00 momWeight=0.80,250,500,148.05793569363368,54828.74689699992,220.1957706706824,2430.2149295637414,1.4326308302707573,23776.74355980001,10265.963103
Blend momExp=1.00 revExp=1.00 momWeight=0.80,500,250,-22.469116213627387,-11212.088990600067,-22.469116213627387,2542.7936556273794,-0.1397155921182092,81217.73073359998,20956.028990600003
Blend momExp=1.00 revExp=1.00 momWeight=0.80,750,0,0.38689254222924224,15765.699872599987,21.04899849479304,2432.167911405666,0.13683836834795685,83642.23526459999,31323.8101274
